date,ICSA,CCSA,WM2NS,WTREGEN,WRESBAL,NFCI,NFCICREDIT,NFCILEVERAGE,NFCIRISK
2022-06-01,NA,NA,NA,789.532,3322.03,NA,NA,NA,NA
2022-06-02,214000,1349000,NA,NA,NA,NA,NA,NA,NA
2022-06-03,NA,NA,NA,NA,NA,-0.23907,0.16095,0.4307,-0.27569
2022-06-06,NA,NA,21623.5,NA,NA,NA,NA,NA,NA
2022-06-07,NA,NA,NA,NA,NA,NA,NA,NA,NA
2022-06-08,NA,NA,NA,723.384,3339.405,NA,NA,NA,NA
2022-06-09,213000,1359000,NA,NA,NA,NA,NA,NA,NA
2022-06-10,NA,NA,NA,NA,NA,-0.21454,0.17807,0.47791,-0.25593
2022-06-13,NA,NA,21598.5,NA,NA,NA,NA,NA,NA
2022-06-14,NA,NA,NA,NA,NA,NA,NA,NA,NA
2022-06-15,NA,NA,NA,656.87,3283.954,NA,NA,NA,NA
2022-06-16,215000,1362000,NA,NA,NA,NA,NA,NA,NA
2022-06-17,NA,NA,NA,NA,NA,-0.19053,0.19339,0.52481,-0.23839
2022-06-20,NA,NA,21555.3,NA,NA,NA,NA,NA,NA
2022-06-21,NA,NA,NA,NA,NA,NA,NA,NA,NA
2022-06-22,NA,NA,NA,758.283,3147.556,NA,NA,NA,NA
2022-06-23,212000,1403000,NA,NA,NA,NA,NA,NA,NA
2022-06-24,NA,NA,NA,NA,NA,-0.17456,0.20408,0.5621,-0.22807
2022-06-27,NA,NA,21529.5,NA,NA,NA,NA,NA,NA
2022-06-28,NA,NA,NA,NA,NA,NA,NA,NA,NA
2022-06-29,NA,NA,NA,756.627,3130.087,NA,NA,NA,NA
2022-06-30,215000,1363000,NA,NA,NA,NA,NA,NA,NA
2022-07-01,NA,NA,NA,NA,NA,-0.16813,0.20969,0.58763,-0.22631
2022-07-04,NA,NA,21626.1,NA,NA,NA,NA,NA,NA
2022-07-05,NA,NA,NA,NA,NA,NA,NA,NA,NA
2022-07-06,NA,NA,NA,700.457,3190.627,NA,NA,NA,NA
2022-07-07,212000,1371000,NA,NA,NA,NA,NA,NA,NA
2022-07-08,NA,NA,NA,NA,NA,-0.17114,0.20942,0.60032,-0.23179
2022-07-11,NA,NA,21591.7,NA,NA,NA,NA,NA,NA
2022-07-12,NA,NA,NA,NA,NA,NA,NA,NA,NA
2022-07-13,NA,NA,NA,652.572,3273.436,NA,NA,NA,NA
2022-07-14,216000,1392000,NA,NA,NA,NA,NA,NA,NA
2022-07-15,NA,NA,NA,NA,NA,-0.18409,0.20344,0.60057,-0.24374
2022-07-18,NA,NA,21569.1,NA,NA,NA,NA,NA,NA
2022-07-19,NA,NA,NA,NA,NA,NA,NA,NA,NA
2022-07-20,NA,NA,NA,613.878,3284.324,NA,NA,NA,NA
2022-07-21,220000,1420000,NA,NA,NA,NA,NA,NA,NA
2022-07-22,NA,NA,NA,NA,NA,-0.20275,0.19358,0.5895,-0.25842
2022-07-25,NA,NA,21521.8,NA,NA,NA,NA,NA,NA
2022-07-26,NA,NA,NA,NA,NA,NA,NA,NA,NA
2022-07-27,NA,NA,NA,602.945,3256.875,NA,NA,NA,NA
2022-07-28,228000,1429000,NA,NA,NA,NA,NA,NA,NA
2022-07-29,NA,NA,NA,NA,NA,-0.22042,0.18247,0.57185,-0.27019
2022-08-01,NA,NA,21591.1,NA,NA,NA,NA,NA,NA
2022-08-02,NA,NA,NA,NA,NA,NA,NA,NA,NA
2022-08-03,NA,NA,NA,594.115,3259.011,NA,NA,NA,NA
2022-08-04,221000,1424000,NA,NA,NA,NA,NA,NA,NA
2022-08-05,NA,NA,NA,NA,NA,-0.23316,0.1729,0.54928,-0.2763
2022-08-08,NA,NA,21583.3,NA,NA,NA,NA,NA,NA
2022-08-09,NA,NA,NA,NA,NA,NA,NA,NA,NA
2022-08-10,NA,NA,NA,557.265,3348.147,NA,NA,NA,NA
2022-08-11,220000,1411000,NA,NA,NA,NA,NA,NA,NA
2022-08-12,NA,NA,NA,NA,NA,-0.24032,0.16647,0.52358,-0.27591
2022-08-15,NA,NA,21591.6,NA,NA,NA,NA,NA,NA
2022-08-16,NA,NA,NA,NA,NA,NA,NA,NA,NA
2022-08-17,NA,NA,NA,545.321,3346.75,NA,NA,NA,NA
2022-08-18,215000,1421000,NA,NA,NA,NA,NA,NA,NA
2022-08-19,NA,NA,NA,NA,NA,-0.23782,0.16556,0.49901,-0.26741
2022-08-22,NA,NA,21537.3,NA,NA,NA,NA,NA,NA
2022-08-23,NA,NA,NA,NA,NA,NA,NA,NA,NA
2022-08-24,NA,NA,NA,535.267,3307.365,NA,NA,NA,NA
2022-08-25,210000,1420000,NA,NA,NA,NA,NA,NA,NA
2022-08-26,NA,NA,NA,NA,NA,-0.22517,0.17084,0.47822,-0.25043
2022-08-29,NA,NA,21470.8,NA,NA,NA,NA,NA,NA
2022-08-30,NA,NA,NA,NA,NA,NA,NA,NA,NA
2022-08-31,NA,NA,NA,612.536,3248.654,NA,NA,NA,NA
2022-09-01,204000,1397000,NA,NA,NA,NA,NA,NA,NA
2022-09-02,NA,NA,NA,NA,NA,-0.20425,0.1816,0.4676,-0.22732
2022-09-05,NA,NA,21539.3,NA,NA,NA,NA,NA,NA
2022-09-06,NA,NA,NA,NA,NA,NA,NA,NA,NA
2022-09-07,NA,NA,NA,581.295,3285.498,NA,NA,NA,NA
2022-09-08,197000,1402000,NA,NA,NA,NA,NA,NA,NA
2022-09-09,NA,NA,NA,NA,NA,-0.17853,0.19585,0.46911,-0.20073
2022-09-12,NA,NA,21535.5,NA,NA,NA,NA,NA,NA
2022-09-13,NA,NA,NA,NA,NA,NA,NA,NA,NA
2022-09-14,NA,NA,NA,593.808,3234.928,NA,NA,NA,NA
2022-09-15,201000,1382000,NA,NA,NA,NA,NA,NA,NA
2022-09-16,NA,NA,NA,NA,NA,-0.15096,0.21243,0.48395,-0.17424
2022-09-19,NA,NA,21479.2,NA,NA,NA,NA,NA,NA
2022-09-20,NA,NA,NA,NA,NA,NA,NA,NA,NA
2022-09-21,NA,NA,NA,692.496,3104.032,NA,NA,NA,NA
2022-09-22,189000,1397000,NA,NA,NA,NA,NA,NA,NA
2022-09-23,NA,NA,NA,NA,NA,-0.12612,0.22825,0.51,-0.15178
2022-09-26,NA,NA,21357.2,NA,NA,NA,NA,NA,NA
2022-09-27,NA,NA,NA,NA,NA,NA,NA,NA,NA
2022-09-28,NA,NA,NA,689.569,2960.598,NA,NA,NA,NA
2022-09-29,204000,1392000,NA,NA,NA,NA,NA,NA,NA
2022-09-30,NA,NA,NA,NA,NA,-0.10777,0.2413,0.54253,-0.13628
2022-10-03,NA,NA,21429.5,NA,NA,NA,NA,NA,NA
2022-10-04,NA,NA,NA,NA,NA,NA,NA,NA,NA
2022-10-05,NA,NA,NA,633.939,2972.874,NA,NA,NA,NA
2022-10-06,206000,1406000,NA,NA,NA,NA,NA,NA,NA
2022-10-07,NA,NA,NA,NA,NA,-0.10126,0.24901,0.57157,-0.13088
2022-10-10,NA,NA,21398.9,NA,NA,NA,NA,NA,NA
2022-10-11,NA,NA,NA,NA,NA,NA,NA,NA,NA
2022-10-12,NA,NA,NA,608.302,3087.912,NA,NA,NA,NA
2022-10-13,199000,1405000,NA,NA,NA,NA,NA,NA,NA
2022-10-14,NA,NA,NA,NA,NA,-0.10372,0.25128,0.59196,-0.13344
2022-10-17,NA,NA,21431.5,NA,NA,NA,NA,NA,NA
2022-10-18,NA,NA,NA,NA,NA,NA,NA,NA,NA
2022-10-19,NA,NA,NA,607.199,3092.044,NA,NA,NA,NA
2022-10-20,201000,1432000,NA,NA,NA,NA,NA,NA,NA
2022-10-21,NA,NA,NA,NA,NA,-0.11457,0.24771,0.59925,-0.14244
2022-10-24,NA,NA,21290.2,NA,NA,NA,NA,NA,NA
2022-10-25,NA,NA,NA,NA,NA,NA,NA,NA,NA
2022-10-26,NA,NA,NA,634.548,3042.838,NA,NA,NA,NA
2022-10-27,202000,1430000,NA,NA,NA,NA,NA,NA,NA
2022-10-28,NA,NA,NA,NA,NA,-0.12985,0.23988,0.59472,-0.15452
2022-10-31,NA,NA,21342.1,NA,NA,NA,NA,NA,NA
2022-11-01,NA,NA,NA,NA,NA,NA,NA,NA,NA
2022-11-02,NA,NA,NA,598.544,3062.727,NA,NA,NA,NA
2022-11-03,204000,1409000,NA,NA,NA,NA,NA,NA,NA
2022-11-04,NA,NA,NA,NA,NA,-0.14762,0.22918,0.5794,-0.16814
2022-11-07,NA,NA,21377.7,NA,NA,NA,NA,NA,NA
2022-11-08,NA,NA,NA,NA,NA,NA,NA,NA,NA
2022-11-09,NA,NA,NA,527.479,3067.888,NA,NA,NA,NA
2022-11-10,210000,1452000,NA,NA,NA,NA,NA,NA,NA
2022-11-11,NA,NA,NA,NA,NA,-0.16461,0.21796,0.55705,-0.18175
2022-11-14,NA,NA,21377.3,NA,NA,NA,NA,NA,NA
2022-11-15,NA,NA,NA,NA,NA,NA,NA,NA,NA
2022-11-16,NA,NA,NA,502.982,3128.277,NA,NA,NA,NA
2022-11-17,220000,1465000,NA,NA,NA,NA,NA,NA,NA
2022-11-18,NA,NA,NA,NA,NA,-0.17715,0.2081,0.5299,-0.19274
2022-11-21,NA,NA,21381.4,NA,NA,NA,NA,NA,NA
2022-11-22,NA,NA,NA,NA,NA,NA,NA,NA,NA
2022-11-23,NA,NA,NA,479.474,3160.73,NA,NA,NA,NA
2022-11-24,209000,1513000,NA,NA,NA,NA,NA,NA,NA
2022-11-25,NA,NA,NA,NA,NA,-0.18475,0.20067,0.49683,-0.2011
2022-11-28,NA,NA,21341.8,NA,NA,NA,NA,NA,NA
2022-11-29,NA,NA,NA,NA,NA,NA,NA,NA,NA
2022-11-30,NA,NA,NA,511.474,3168.995,NA,NA,NA,NA
2022-12-01,209000,1537000,NA,NA,NA,NA,NA,NA,NA
2022-12-02,NA,NA,NA,NA,NA,-0.18919,0.19622,0.45563,-0.20948
2022-12-05,NA,NA,21409.3,NA,NA,NA,NA,NA,NA
2022-12-06,NA,NA,NA,NA,NA,NA,NA,NA,NA
2022-12-07,NA,NA,NA,432.335,3199.048,NA,NA,NA,NA
2022-12-08,210000,1553000,NA,NA,NA,NA,NA,NA,NA
2022-12-09,NA,NA,NA,NA,NA,-0.19202,0.19403,0.40219,-0.21854
2022-12-12,NA,NA,21407.4,NA,NA,NA,NA,NA,NA
2022-12-13,NA,NA,NA,NA,NA,NA,NA,NA,NA
2022-12-14,NA,NA,NA,355.517,3188.634,NA,NA,NA,NA
2022-12-15,213000,1557000,NA,NA,NA,NA,NA,NA,NA
2022-12-16,NA,NA,NA,NA,NA,-0.19833,0.19225,0.33894,-0.23169
2022-12-19,NA,NA,21419.9,NA,NA,NA,NA,NA,NA
2022-12-20,NA,NA,NA,NA,NA,NA,NA,NA,NA
2022-12-21,NA,NA,NA,459.78,3088.621,NA,NA,NA,NA
2022-12-22,204000,1596000,NA,NA,NA,NA,NA,NA,NA
2022-12-23,NA,NA,NA,NA,NA,-0.2082,0.1899,0.26657,-0.24842
2022-12-26,NA,NA,21394.8,NA,NA,NA,NA,NA,NA
2022-12-27,NA,NA,NA,NA,NA,NA,NA,NA,NA
2022-12-28,NA,NA,NA,427.926,3017.889,NA,NA,NA,NA
2022-12-29,204000,1585000,NA,NA,NA,NA,NA,NA,NA
2022-12-30,NA,NA,NA,NA,NA,-0.22533,0.18532,0.19129,-0.27032
2023-01-02,NA,NA,21364.4,NA,NA,NA,NA,NA,NA
2023-01-03,NA,NA,NA,NA,NA,NA,NA,NA,NA
2023-01-04,NA,NA,NA,423.625,2830.144,NA,NA,NA,NA
2023-01-05,208000,1584000,NA,NA,NA,NA,NA,NA,NA
2023-01-06,NA,NA,NA,NA,NA,-0.24783,0.17822,0.11842,-0.29541
2023-01-09,NA,NA,21416.4,NA,NA,NA,NA,NA,NA
2023-01-10,NA,NA,NA,NA,NA,NA,NA,NA,NA
2023-01-11,NA,NA,NA,372.34,3081.237,NA,NA,NA,NA
2023-01-12,203000,1601000,NA,NA,NA,NA,NA,NA,NA
2023-01-13,NA,NA,NA,NA,NA,-0.27219,0.16931,0.05619,-0.3202
2023-01-16,NA,NA,21327.6,NA,NA,NA,NA,NA,NA
2023-01-17,NA,NA,NA,NA,NA,NA,NA,NA,NA
2023-01-18,NA,NA,NA,339.018,3147.332,NA,NA,NA,NA
2023-01-19,203000,1597000,NA,NA,NA,NA,NA,NA,NA
2023-01-20,NA,NA,NA,NA,NA,-0.29296,0.16022,0.00746,-0.33981
2023-01-23,NA,NA,21182.4,NA,NA,NA,NA,NA,NA
2023-01-24,NA,NA,NA,NA,NA,NA,NA,NA,NA
2023-01-25,NA,NA,NA,491.848,3031.889,NA,NA,NA,NA
2023-01-26,200000,1628000,NA,NA,NA,NA,NA,NA,NA
2023-01-27,NA,NA,NA,NA,NA,-0.30976,0.15228,-0.02425,-0.35357
2023-01-30,NA,NA,21091.9,NA,NA,NA,NA,NA,NA
2023-01-31,NA,NA,NA,NA,NA,NA,NA,NA,NA
2023-02-01,NA,NA,NA,560.089,3015.506,NA,NA,NA,NA
2023-02-02,215000,1637000,NA,NA,NA,NA,NA,NA,NA
2023-02-03,NA,NA,NA,NA,NA,-0.31716,0.14697,-0.03375,-0.3569
2023-02-06,NA,NA,21163.2,NA,NA,NA,NA,NA,NA
2023-02-07,NA,NA,NA,NA,NA,NA,NA,NA,NA
2023-02-08,NA,NA,NA,493.277,3037.584,NA,NA,NA,NA
2023-02-09,219000,1643000,NA,NA,NA,NA,NA,NA,NA
2023-02-10,NA,NA,NA,NA,NA,-0.31331,0.14578,-0.01528,-0.34854
2023-02-13,NA,NA,21097.3,NA,NA,NA,NA,NA,NA
2023-02-14,NA,NA,NA,NA,NA,NA,NA,NA,NA
2023-02-15,NA,NA,NA,490.379,3041.038,NA,NA,NA,NA
2023-02-16,217000,1634000,NA,NA,NA,NA,NA,NA,NA
2023-02-17,NA,NA,NA,NA,NA,-0.29892,0.14935,0.03556,-0.33027
2023-02-20,NA,NA,21088.7,NA,NA,NA,NA,NA,NA
2023-02-21,NA,NA,NA,NA,NA,NA,NA,NA,NA
2023-02-22,NA,NA,NA,477.333,3016.577,NA,NA,NA,NA
2023-02-23,209000,1661000,NA,NA,NA,NA,NA,NA,NA
2023-02-24,NA,NA,NA,NA,NA,-0.27366,0.15774,0.11741,-0.30301
2023-02-27,NA,NA,21086.1,NA,NA,NA,NA,NA,NA
2023-02-28,NA,NA,NA,NA,NA,NA,NA,NA,NA
2023-03-01,NA,NA,NA,381.245,2998.303,NA,NA,NA,NA
2023-03-02,229000,1658000,NA,NA,NA,NA,NA,NA,NA
2023-03-03,NA,NA,NA,NA,NA,-0.24301,0.16989,0.22043,-0.27265
2023-03-06,NA,NA,21133.8,NA,NA,NA,NA,NA,NA
2023-03-07,NA,NA,NA,NA,NA,NA,NA,NA,NA
2023-03-08,NA,NA,NA,333.35,2999.72,NA,NA,NA,NA
2023-03-09,222000,1674000,NA,NA,NA,NA,NA,NA,NA
2023-03-10,NA,NA,NA,NA,NA,-0.21085,0.18418,0.32819,-0.2434
2023-03-13,NA,NA,21130.2,NA,NA,NA,NA,NA,NA
2023-03-14,NA,NA,NA,NA,NA,NA,NA,NA,NA
2023-03-15,NA,NA,NA,232.866,3251.482,NA,NA,NA,NA
2023-03-16,230000,1690000,NA,NA,NA,NA,NA,NA,NA
2023-03-17,NA,NA,NA,NA,NA,-0.17945,0.19895,0.42579,-0.21792
2023-03-20,NA,NA,20992.6,NA,NA,NA,NA,NA,NA
2023-03-21,NA,NA,NA,NA,NA,NA,NA,NA,NA
2023-03-22,NA,NA,NA,259.587,3425.075,NA,NA,NA,NA
2023-03-23,234000,1701000,NA,NA,NA,NA,NA,NA,NA
2023-03-24,NA,NA,NA,NA,NA,-0.16093,0.21137,0.48899,-0.20549
2023-03-27,NA,NA,20866.6,NA,NA,NA,NA,NA,NA
2023-03-28,NA,NA,NA,NA,NA,NA,NA,NA,NA
2023-03-29,NA,NA,NA,183.577,3437.592,NA,NA,NA,NA
2023-03-30,217000,1691000,NA,NA,NA,NA,NA,NA,NA
2023-03-31,NA,NA,NA,NA,NA,-0.15742,0.2185,0.51886,-0.20688
2023-04-03,NA,NA,20924.5,NA,NA,NA,NA,NA,NA
2023-04-04,NA,NA,NA,NA,NA,NA,NA,NA,NA
2023-04-05,NA,NA,NA,168.793,3292.058,NA,NA,NA,NA
2023-04-06,219000,1735000,NA,NA,NA,NA,NA,NA,NA
2023-04-07,NA,NA,NA,NA,NA,-0.16078,0.22227,0.52432,-0.21728
2023-04-10,NA,NA,21020.7,NA,NA,NA,NA,NA,NA
2023-04-11,NA,NA,NA,NA,NA,NA,NA,NA,NA
2023-04-12,NA,NA,NA,109.208,3413.989,NA,NA,NA,NA
2023-04-13,223000,1724000,NA,NA,NA,NA,NA,NA,NA
2023-04-14,NA,NA,NA,NA,NA,-0.17217,0.22202,0.51706,-0.23671
2023-04-17,NA,NA,20942.2,NA,NA,NA,NA,NA,NA
2023-04-18,NA,NA,NA,NA,NA,NA,NA,NA,NA
2023-04-19,NA,NA,NA,166.555,3303.152,NA,NA,NA,NA
2023-04-20,210000,1708000,NA,NA,NA,NA,NA,NA,NA
2023-04-21,NA,NA,NA,NA,NA,-0.18584,0.21896,0.51065,-0.26038
2023-04-24,NA,NA,20660.4,NA,NA,NA,NA,NA,NA
2023-04-25,NA,NA,NA,NA,NA,NA,NA,NA,NA
2023-04-26,NA,NA,NA,291.702,3135.655,NA,NA,NA,NA
2023-04-27,214000,1710000,NA,NA,NA,NA,NA,NA,NA
2023-04-28,NA,NA,NA,NA,NA,-0.1966,0.21406,0.51528,-0.28258
2023-05-01,NA,NA,20622.3,NA,NA,NA,NA,NA,NA
2023-05-02,NA,NA,NA,NA,NA,NA,NA,NA,NA
2023-05-03,NA,NA,NA,269.216,3089.706,NA,NA,NA,NA
2023-05-04,223000,1715000,NA,NA,NA,NA,NA,NA,NA
2023-05-05,NA,NA,NA,NA,NA,-0.20497,0.20788,0.53132,-0.30269
2023-05-08,NA,NA,20686.5,NA,NA,NA,NA,NA,NA
2023-05-09,NA,NA,NA,NA,NA,NA,NA,NA,NA
2023-05-10,NA,NA,NA,197.666,3196.429,NA,NA,NA,NA
2023-05-11,225000,1714000,NA,NA,NA,NA,NA,NA,NA
2023-05-12,NA,NA,NA,NA,NA,-0.21159,0.20036,0.55239,-0.31828
2023-05-15,NA,NA,20682.2,NA,NA,NA,NA,NA,NA
2023-05-16,NA,NA,NA,NA,NA,NA,NA,NA,NA
2023-05-17,NA,NA,NA,116.22,3248.878,NA,NA,NA,NA
2023-05-18,227000,1739000,NA,NA,NA,NA,NA,NA,NA
2023-05-19,NA,NA,NA,NA,NA,-0.21551,0.1925,0.57555,-0.32867
2023-05-22,NA,NA,20662.9,NA,NA,NA,NA,NA,NA
2023-05-23,NA,NA,NA,NA,NA,NA,NA,NA,NA
2023-05-24,NA,NA,NA,61.952,3240.172,NA,NA,NA,NA
2023-05-25,230000,1729000,NA,NA,NA,NA,NA,NA,NA
2023-05-26,NA,NA,NA,NA,NA,-0.21724,0.18465,0.59688,-0.33398
2023-05-29,NA,NA,20721.7,NA,NA,NA,NA,NA,NA
2023-05-30,NA,NA,NA,NA,NA,NA,NA,NA,NA
2023-05-31,NA,NA,NA,48.954,3309.447,NA,NA,NA,NA
2023-06-01,253000,1755000,NA,NA,NA,NA,NA,NA,NA
2023-06-02,NA,NA,NA,NA,NA,-0.2187,0.17722,0.6163,-0.33619
2023-06-05,NA,NA,20823.7,NA,NA,NA,NA,NA,NA
2023-06-06,NA,NA,NA,NA,NA,NA,NA,NA,NA
2023-06-07,NA,NA,NA,44.756,3349.751,NA,NA,NA,NA
2023-06-08,258000,1764000,NA,NA,NA,NA,NA,NA,NA
2023-06-09,NA,NA,NA,NA,NA,-0.21931,0.17079,0.63442,-0.33584
2023-06-12,NA,NA,20750.1,NA,NA,NA,NA,NA,NA
2023-06-13,NA,NA,NA,NA,NA,NA,NA,NA,NA
2023-06-14,NA,NA,NA,102.118,3325.261,NA,NA,NA,NA
2023-06-15,260000,1759000,NA,NA,NA,NA,NA,NA,NA
2023-06-16,NA,NA,NA,NA,NA,-0.2211,0.16551,0.64704,-0.33563
2023-06-19,NA,NA,20718.2,NA,NA,NA,NA,NA,NA
2023-06-20,NA,NA,NA,NA,NA,NA,NA,NA,NA
2023-06-21,NA,NA,NA,276.85,3251.558,NA,NA,NA,NA
2023-06-22,236000,1775000,NA,NA,NA,NA,NA,NA,NA
2023-06-23,NA,NA,NA,NA,NA,-0.2251,0.16113,0.64766,-0.33741
2023-06-26,NA,NA,20646.4,NA,NA,NA,NA,NA,NA
2023-06-27,NA,NA,NA,NA,NA,NA,NA,NA,NA
2023-06-28,NA,NA,NA,390.571,3171.567,NA,NA,NA,NA
2023-06-29,248000,1778000,NA,NA,NA,NA,NA,NA,NA
2023-06-30,NA,NA,NA,NA,NA,-0.23112,0.15701,0.63111,-0.34064
2023-07-03,NA,NA,20744.8,NA,NA,NA,NA,NA,NA
2023-07-04,NA,NA,NA,NA,NA,NA,NA,NA,NA
2023-07-05,NA,NA,NA,415.441,3114.989,NA,NA,NA,NA
2023-07-06,229000,1793000,NA,NA,NA,NA,NA,NA,NA
2023-07-07,NA,NA,NA,NA,NA,-0.23983,0.15342,0.5907,-0.3469
2023-07-10,NA,NA,20757.3,NA,NA,NA,NA,NA,NA
2023-07-11,NA,NA,NA,NA,NA,NA,NA,NA,NA
2023-07-12,NA,NA,NA,514.337,3166.607,NA,NA,NA,NA
2023-07-13,228000,1772000,NA,NA,NA,NA,NA,NA,NA
2023-07-14,NA,NA,NA,NA,NA,-0.25267,0.1494,0.52528,-0.35667
2023-07-17,NA,NA,20747.1,NA,NA,NA,NA,NA,NA
2023-07-18,NA,NA,NA,NA,NA,NA,NA,NA,NA
2023-07-19,NA,NA,NA,531.135,3230.457,NA,NA,NA,NA
2023-07-20,231000,1781000,NA,NA,NA,NA,NA,NA,NA
2023-07-21,NA,NA,NA,NA,NA,-0.26754,0.14579,0.44091,-0.36893
2023-07-24,NA,NA,20635.2,NA,NA,NA,NA,NA,NA
2023-07-25,NA,NA,NA,NA,NA,NA,NA,NA,NA
2023-07-26,NA,NA,NA,543.597,3172.244,NA,NA,NA,NA
2023-07-27,238000,1778000,NA,NA,NA,NA,NA,NA,NA
2023-07-28,NA,NA,NA,NA,NA,-0.28333,0.14223,0.34657,-0.38244
2023-07-31,NA,NA,20677.3,NA,NA,NA,NA,NA,NA
2023-08-01,NA,NA,NA,NA,NA,NA,NA,NA,NA
2023-08-02,NA,NA,NA,517.459,3189.533,NA,NA,NA,NA
2023-08-03,258000,1807000,NA,NA,NA,NA,NA,NA,NA
2023-08-04,NA,NA,NA,NA,NA,-0.30066,0.13887,0.24897,-0.3971
2023-08-07,NA,NA,20731.4,NA,NA,NA,NA,NA,NA
2023-08-08,NA,NA,NA,NA,NA,NA,NA,NA,NA
2023-08-09,NA,NA,NA,444.594,3222.856,NA,NA,NA,NA
2023-08-10,248000,1801000,NA,NA,NA,NA,NA,NA,NA
2023-08-11,NA,NA,NA,NA,NA,-0.31655,0.13571,0.15774,-0.4111
2023-08-14,NA,NA,20711.1,NA,NA,NA,NA,NA,NA
2023-08-15,NA,NA,NA,NA,NA,NA,NA,NA,NA
2023-08-16,NA,NA,NA,435.795,3245.971,NA,NA,NA,NA
2023-08-17,240000,1821000,NA,NA,NA,NA,NA,NA,NA
2023-08-18,NA,NA,NA,NA,NA,-0.32911,0.13328,0.07559,-0.42226
2023-08-21,NA,NA,20650.6,NA,NA,NA,NA,NA,NA
2023-08-22,NA,NA,NA,NA,NA,NA,NA,NA,NA
2023-08-23,NA,NA,NA,413.787,3186.789,NA,NA,NA,NA
2023-08-24,234000,1806000,NA,NA,NA,NA,NA,NA,NA
2023-08-25,NA,NA,NA,NA,NA,-0.33803,0.13152,0.00396,-0.4298
2023-08-28,NA,NA,20622.9,NA,NA,NA,NA,NA,NA
2023-08-29,NA,NA,NA,NA,NA,NA,NA,NA,NA
2023-08-30,NA,NA,NA,470.8,3238.345,NA,NA,NA,NA
2023-08-31,227000,1812000,NA,NA,NA,NA,NA,NA,NA
2023-09-01,NA,NA,NA,NA,NA,-0.34383,0.13043,-0.0538,-0.43365
2023-09-04,NA,NA,20706.8,NA,NA,NA,NA,NA,NA
2023-09-05,NA,NA,NA,NA,NA,NA,NA,NA,NA
2023-09-06,NA,NA,NA,470.881,3307.291,NA,NA,NA,NA
2023-09-07,227000,1799000,NA,NA,NA,NA,NA,NA,NA
2023-09-08,NA,NA,NA,NA,NA,-0.34385,0.13068,-0.0972,-0.43182
2023-09-11,NA,NA,20702.8,NA,NA,NA,NA,NA,NA
2023-09-12,NA,NA,NA,NA,NA,NA,NA,NA,NA
2023-09-13,NA,NA,NA,521.507,3335.459,NA,NA,NA,NA
2023-09-14,210000,1799000,NA,NA,NA,NA,NA,NA,NA
2023-09-15,NA,NA,NA,NA,NA,-0.33924,0.13181,-0.12257,-0.4249
2023-09-18,NA,NA,20672.9,NA,NA,NA,NA,NA,NA
2023-09-19,NA,NA,NA,NA,NA,NA,NA,NA,NA
2023-09-20,NA,NA,NA,640.296,3231.649,NA,NA,NA,NA
2023-09-21,215000,1793000,NA,NA,NA,NA,NA,NA,NA
2023-09-22,NA,NA,NA,NA,NA,-0.33026,0.1337,-0.12939,-0.41358
2023-09-25,NA,NA,20568,NA,NA,NA,NA,NA,NA
2023-09-26,NA,NA,NA,NA,NA,NA,NA,NA,NA
2023-09-27,NA,NA,NA,681.143,3170.324,NA,NA,NA,NA
2023-09-28,216000,1798000,NA,NA,NA,NA,NA,NA,NA
2023-09-29,NA,NA,NA,NA,NA,-0.31794,0.13573,-0.12031,-0.39875
2023-10-02,NA,NA,20664.7,NA,NA,NA,NA,NA,NA
2023-10-03,NA,NA,NA,NA,NA,NA,NA,NA,NA
2023-10-04,NA,NA,NA,668.009,3145.72,NA,NA,NA,NA
2023-10-05,210000,1808000,NA,NA,NA,NA,NA,NA,NA
2023-10-06,NA,NA,NA,NA,NA,-0.30665,0.13726,-0.10129,-0.38454
2023-10-09,NA,NA,20664,NA,NA,NA,NA,NA,NA
2023-10-10,NA,NA,NA,NA,NA,NA,NA,NA,NA
2023-10-11,NA,NA,NA,709.16,3288.945,NA,NA,NA,NA
2023-10-12,200000,1806000,NA,NA,NA,NA,NA,NA,NA
2023-10-13,NA,NA,NA,NA,NA,-0.29687,0.13758,-0.07963,-0.3715
2023-10-16,NA,NA,20715,NA,NA,NA,NA,NA,NA
2023-10-17,NA,NA,NA,NA,NA,NA,NA,NA,NA
2023-10-18,NA,NA,NA,759.878,3353.881,NA,NA,NA,NA
2023-10-19,214000,1816000,NA,NA,NA,NA,NA,NA,NA
2023-10-20,NA,NA,NA,NA,NA,-0.29059,0.13642,-0.06102,-0.36188
2023-10-23,NA,NA,20554.8,NA,NA,NA,NA,NA,NA
2023-10-24,NA,NA,NA,NA,NA,NA,NA,NA,NA
2023-10-25,NA,NA,NA,834.418,3261.886,NA,NA,NA,NA
2023-10-26,217000,1821000,NA,NA,NA,NA,NA,NA,NA
2023-10-27,NA,NA,NA,NA,NA,-0.28934,0.1331,-0.04866,-0.35725
2023-10-30,NA,NA,20551.5,NA,NA,NA,NA,NA,NA
2023-10-31,NA,NA,NA,NA,NA,NA,NA,NA,NA
2023-11-01,NA,NA,NA,820.487,3267.216,NA,NA,NA,NA
2023-11-02,216000,1805000,NA,NA,NA,NA,NA,NA,NA
2023-11-03,NA,NA,NA,NA,NA,-0.29376,0.12775,-0.04225,-0.35827
2023-11-06,NA,NA,20666.4,NA,NA,NA,NA,NA,NA
2023-11-07,NA,NA,NA,NA,NA,NA,NA,NA,NA
2023-11-08,NA,NA,NA,772.686,3328.908,NA,NA,NA,NA
2023-11-09,229000,1789000,NA,NA,NA,NA,NA,NA,NA
2023-11-10,NA,NA,NA,NA,NA,-0.30206,0.12058,-0.04007,-0.36371
2023-11-13,NA,NA,20668.6,NA,NA,NA,NA,NA,NA
2023-11-14,NA,NA,NA,NA,NA,NA,NA,NA,NA
2023-11-15,NA,NA,NA,738.562,3391.713,NA,NA,NA,NA
2023-11-16,213000,1807000,NA,NA,NA,NA,NA,NA,NA
2023-11-17,NA,NA,NA,NA,NA,-0.3124,0.11239,-0.0418,-0.37196
2023-11-20,NA,NA,20719.5,NA,NA,NA,NA,NA,NA
2023-11-21,NA,NA,NA,NA,NA,NA,NA,NA,NA
2023-11-22,NA,NA,NA,706.017,3453.853,NA,NA,NA,NA
2023-11-23,214000,1814000,NA,NA,NA,NA,NA,NA,NA
2023-11-24,NA,NA,NA,NA,NA,-0.3235,0.10381,-0.04944,-0.38182
2023-11-27,NA,NA,20710.3,NA,NA,NA,NA,NA,NA
2023-11-28,NA,NA,NA,NA,NA,NA,NA,NA,NA
2023-11-29,NA,NA,NA,739.209,3441.581,NA,NA,NA,NA
2023-11-30,216000,1813000,NA,NA,NA,NA,NA,NA,NA
2023-12-01,NA,NA,NA,NA,NA,-0.33384,0.09502,-0.06328,-0.39099
2023-12-04,NA,NA,20808.2,NA,NA,NA,NA,NA,NA
2023-12-05,NA,NA,NA,NA,NA,NA,NA,NA,NA
2023-12-06,NA,NA,NA,682.509,3513.374,NA,NA,NA,NA
2023-12-07,204000,1801000,NA,NA,NA,NA,NA,NA,NA
2023-12-08,NA,NA,NA,NA,NA,-0.34256,0.08649,-0.08865,-0.3986
2023-12-11,NA,NA,20807.9,NA,NA,NA,NA,NA,NA
2023-12-12,NA,NA,NA,NA,NA,NA,NA,NA,NA
2023-12-13,NA,NA,NA,658.44,3540.619,NA,NA,NA,NA
2023-12-14,209000,1801000,NA,NA,NA,NA,NA,NA,NA
2023-12-15,NA,NA,NA,NA,NA,-0.35144,0.07809,-0.12242,-0.40571
2023-12-18,NA,NA,20880.9,NA,NA,NA,NA,NA,NA
2023-12-19,NA,NA,NA,NA,NA,NA,NA,NA,NA
2023-12-20,NA,NA,NA,732.196,3536.105,NA,NA,NA,NA
2023-12-21,210000,1813000,NA,NA,NA,NA,NA,NA,NA
2023-12-22,NA,NA,NA,NA,NA,-0.36047,0.06991,-0.16281,-0.41222
2023-12-25,NA,NA,20907.3,NA,NA,NA,NA,NA,NA
2023-12-26,NA,NA,NA,NA,NA,NA,NA,NA,NA
2023-12-27,NA,NA,NA,731.405,3446.459,NA,NA,NA,NA
2023-12-28,198000,1752000,NA,NA,NA,NA,NA,NA,NA
2023-12-29,NA,NA,NA,NA,NA,-0.36868,0.06195,-0.20501,-0.41727
2024-01-01,NA,NA,20889.2,NA,NA,NA,NA,NA,NA
2024-01-02,NA,NA,NA,NA,NA,NA,NA,NA,NA
2024-01-03,NA,NA,NA,758.448,3262.895,NA,NA,NA,NA
2024-01-04,199000,1723000,NA,NA,NA,NA,NA,NA,NA
2024-01-05,NA,NA,NA,NA,NA,-0.37704,0.05462,-0.24569,-0.42269
2024-01-08,NA,NA,20917.4,NA,NA,NA,NA,NA,NA
2024-01-09,NA,NA,NA,NA,NA,NA,NA,NA,NA
2024-01-10,NA,NA,NA,747.565,3498.748,NA,NA,NA,NA
2024-01-11,193000,1752000,NA,NA,NA,NA,NA,NA,NA
2024-01-12,NA,NA,NA,NA,NA,-0.38493,0.04733,-0.2828,-0.42793
2024-01-15,NA,NA,20902.9,NA,NA,NA,NA,NA,NA
2024-01-16,NA,NA,NA,NA,NA,NA,NA,NA,NA
2024-01-17,NA,NA,NA,748.883,3611.719,NA,NA,NA,NA
2024-01-18,223000,1824000,NA,NA,NA,NA,NA,NA,NA
2024-01-19,NA,NA,NA,NA,NA,-0.39193,0.04072,-0.31636,-0.43316
2024-01-22,NA,NA,20773.6,NA,NA,NA,NA,NA,NA
2024-01-23,NA,NA,NA,NA,NA,NA,NA,NA,NA
2024-01-24,NA,NA,NA,799.358,3526.683,NA,NA,NA,NA
2024-01-25,225000,1802000,NA,NA,NA,NA,NA,NA,NA
2024-01-26,NA,NA,NA,NA,NA,-0.39799,0.03443,-0.3481,-0.43829
2024-01-29,NA,NA,20720.3,NA,NA,NA,NA,NA,NA
2024-01-30,NA,NA,NA,NA,NA,NA,NA,NA,NA
2024-01-31,NA,NA,NA,841.55,3526.23,NA,NA,NA,NA
2024-02-01,214000,1797000,NA,NA,NA,NA,NA,NA,NA
2024-02-02,NA,NA,NA,NA,NA,-0.40485,0.02858,-0.37701,-0.44511
2024-02-05,NA,NA,20848.8,NA,NA,NA,NA,NA,NA
2024-02-06,NA,NA,NA,NA,NA,NA,NA,NA,NA
2024-02-07,NA,NA,NA,802.135,3599.323,NA,NA,NA,NA
2024-02-08,212000,1781000,NA,NA,NA,NA,NA,NA,NA
2024-02-09,NA,NA,NA,NA,NA,-0.41169,0.02309,-0.40357,-0.45238
2024-02-12,NA,NA,20770.2,NA,NA,NA,NA,NA,NA
2024-02-13,NA,NA,NA,NA,NA,NA,NA,NA,NA
2024-02-14,NA,NA,NA,838.005,3540.945,NA,NA,NA,NA
2024-02-15,203000,1797000,NA,NA,NA,NA,NA,NA,NA
2024-02-16,NA,NA,NA,NA,NA,-0.41961,0.01808,-0.42664,-0.46097
2024-02-19,NA,NA,20781.9,NA,NA,NA,NA,NA,NA
2024-02-20,NA,NA,NA,NA,NA,NA,NA,NA,NA
2024-02-21,NA,NA,NA,785.465,3565.999,NA,NA,NA,NA
2024-02-22,214000,1790000,NA,NA,NA,NA,NA,NA,NA
2024-02-23,NA,NA,NA,NA,NA,-0.42783,0.01368,-0.44619,-0.46991
2024-02-26,NA,NA,20770.6,NA,NA,NA,NA,NA,NA
2024-02-27,NA,NA,NA,NA,NA,NA,NA,NA,NA
2024-02-28,NA,NA,NA,785.821,3567.552,NA,NA,NA,NA
2024-02-29,212000,1795000,NA,NA,NA,NA,NA,NA,NA
2024-03-01,NA,NA,NA,NA,NA,-0.43415,0.00988,-0.46247,-0.4765
2024-03-04,NA,NA,20936.6,NA,NA,NA,NA,NA,NA
2024-03-05,NA,NA,NA,NA,NA,NA,NA,NA,NA
2024-03-06,NA,NA,NA,767.733,3626.176,NA,NA,NA,NA
2024-03-07,213000,1790000,NA,NA,NA,NA,NA,NA,NA
2024-03-08,NA,NA,NA,NA,NA,-0.43762,0.0068,-0.47993,-0.4794
2024-03-11,NA,NA,20986.1,NA,NA,NA,NA,NA,NA
2024-03-12,NA,NA,NA,NA,NA,NA,NA,NA,NA
2024-03-13,NA,NA,NA,768.369,3624.633,NA,NA,NA,NA
2024-03-14,213000,1802000,NA,NA,NA,NA,NA,NA,NA
2024-03-15,NA,NA,NA,NA,NA,-0.43893,0.00465,-0.49777,-0.47914
2024-03-18,NA,NA,21065.4,NA,NA,NA,NA,NA,NA
2024-03-19,NA,NA,NA,NA,NA,NA,NA,NA,NA
2024-03-20,NA,NA,NA,809.298,3553.424,NA,NA,NA,NA
2024-03-21,214000,1788000,NA,NA,NA,NA,NA,NA,NA
2024-03-22,NA,NA,NA,NA,NA,-0.43684,0.00331,-0.5172,-0.4745
2024-03-25,NA,NA,21021.6,NA,NA,NA,NA,NA,NA
2024-03-26,NA,NA,NA,NA,NA,NA,NA,NA,NA
2024-03-27,NA,NA,NA,802.233,3496.121,NA,NA,NA,NA
2024-03-28,223000,1804000,NA,NA,NA,NA,NA,NA,NA
2024-03-29,NA,NA,NA,NA,NA,-0.43204,0.00256,-0.53687,-0.46621
2024-04-01,NA,NA,21194.4,NA,NA,NA,NA,NA,NA
2024-04-02,NA,NA,NA,NA,NA,NA,NA,NA,NA
2024-04-03,NA,NA,NA,768.651,3414.288,NA,NA,NA,NA
2024-04-04,212000,1793000,NA,NA,NA,NA,NA,NA,NA
2024-04-05,NA,NA,NA,NA,NA,-0.42642,0.0021,-0.55485,-0.45613
2024-04-08,NA,NA,21179.6,NA,NA,NA,NA,NA,NA
2024-04-09,NA,NA,NA,NA,NA,NA,NA,NA,NA
2024-04-10,NA,NA,NA,704.971,3586.845,NA,NA,NA,NA
2024-04-11,211000,1776000,NA,NA,NA,NA,NA,NA,NA
2024-04-12,NA,NA,NA,NA,NA,-0.42041,0.00134,-0.56931,-0.44472
2024-04-15,NA,NA,21182.9,NA,NA,NA,NA,NA,NA
2024-04-16,NA,NA,NA,NA,NA,NA,NA,NA,NA
2024-04-17,NA,NA,NA,796.535,3522.717,NA,NA,NA,NA
2024-04-18,209000,1771000,NA,NA,NA,NA,NA,NA,NA
2024-04-19,NA,NA,NA,NA,NA,-0.41517,3.6e-4,-0.57952,-0.43375
2024-04-22,NA,NA,20917.8,NA,NA,NA,NA,NA,NA
2024-04-23,NA,NA,NA,NA,NA,NA,NA,NA,NA
2024-04-24,NA,NA,NA,941.43,3324.363,NA,NA,NA,NA
2024-04-25,209000,1786000,NA,NA,NA,NA,NA,NA,NA
2024-04-26,NA,NA,NA,NA,NA,-0.41299,-0.00167,-0.58605,-0.42511
2024-04-29,NA,NA,20835.3,NA,NA,NA,NA,NA,NA
2024-04-30,NA,NA,NA,NA,NA,NA,NA,NA,NA
2024-05-01,NA,NA,NA,917.177,3252.733,NA,NA,NA,NA
2024-05-02,229000,1790000,NA,NA,NA,NA,NA,NA,NA
2024-05-03,NA,NA,NA,NA,NA,-0.41289,-0.00406,-0.58884,-0.41898
2024-05-06,NA,NA,20921.1,NA,NA,NA,NA,NA,NA
2024-05-07,NA,NA,NA,NA,NA,NA,NA,NA,NA
2024-05-08,NA,NA,NA,851.591,3331.156,NA,NA,NA,NA
2024-05-09,222000,1793000,NA,NA,NA,NA,NA,NA,NA
2024-05-10,NA,NA,NA,NA,NA,-0.41356,-0.00659,-0.58764,-0.41478
2024-05-13,NA,NA,20874.6,NA,NA,NA,NA,NA,NA
2024-05-14,NA,NA,NA,NA,NA,NA,NA,NA,NA
2024-05-15,NA,NA,NA,787.133,3369.747,NA,NA,NA,NA
2024-05-16,216000,1798000,NA,NA,NA,NA,NA,NA,NA
2024-05-17,NA,NA,NA,NA,NA,-0.41379,-0.00849,-0.5816,-0.41214
2024-05-20,NA,NA,20903.9,NA,NA,NA,NA,NA,NA
2024-05-21,NA,NA,NA,NA,NA,NA,NA,NA,NA
2024-05-22,NA,NA,NA,725.376,3390.794,NA,NA,NA,NA
2024-05-23,221000,1810000,NA,NA,NA,NA,NA,NA,NA
2024-05-24,NA,NA,NA,NA,NA,-0.41297,-0.00959,-0.57112,-0.40992
2024-05-27,NA,NA,20852.6,NA,NA,NA,NA,NA,NA
2024-05-28,NA,NA,NA,NA,NA,NA,NA,NA,NA
2024-05-29,NA,NA,NA,704.335,3409.342,NA,NA,NA,NA
2024-05-30,229000,1825000,NA,NA,NA,NA,NA,NA,NA
2024-05-31,NA,NA,NA,NA,NA,-0.40914,-0.00962,-0.55463,-0.40653
2024-06-03,NA,NA,21002.1,NA,NA,NA,NA,NA,NA
2024-06-04,NA,NA,NA,NA,NA,NA,NA,NA,NA
2024-06-05,NA,NA,NA,710.309,3408.31,NA,NA,NA,NA
2024-06-06,241000,1832000,NA,NA,NA,NA,NA,NA,NA
2024-06-07,NA,NA,NA,NA,NA,-0.40313,-0.00833,-0.53598,-0.40234
2024-06-10,NA,NA,21036.1,NA,NA,NA,NA,NA,NA
2024-06-11,NA,NA,NA,NA,NA,NA,NA,NA,NA
2024-06-12,NA,NA,NA,673.573,3455.134,NA,NA,NA,NA
2024-06-13,237000,1844000,NA,NA,NA,NA,NA,NA,NA
2024-06-14,NA,NA,NA,NA,NA,-0.39561,-0.00617,-0.51646,-0.39661
2024-06-17,NA,NA,21053.7,NA,NA,NA,NA,NA,NA
2024-06-18,NA,NA,NA,NA,NA,NA,NA,NA,NA
2024-06-19,NA,NA,NA,723.41,3434.274,NA,NA,NA,NA
2024-06-20,233000,1864000,NA,NA,NA,NA,NA,NA,NA
2024-06-21,NA,NA,NA,NA,NA,-0.38771,-0.00353,-0.49881,-0.39031
2024-06-24,NA,NA,20959.5,NA,NA,NA,NA,NA,NA
2024-06-25,NA,NA,NA,NA,NA,NA,NA,NA,NA
2024-06-26,NA,NA,NA,765.417,3302.647,NA,NA,NA,NA
2024-06-27,238000,1856000,NA,NA,NA,NA,NA,NA,NA
2024-06-28,NA,NA,NA,NA,NA,-0.38108,-7e-4,-0.48583,-0.38305
2024-07-01,NA,NA,20998.6,NA,NA,NA,NA,NA,NA
2024-07-02,NA,NA,NA,NA,NA,NA,NA,NA,NA
2024-07-03,NA,NA,NA,761.373,3184.18,NA,NA,NA,NA
2024-07-04,222000,1866000,NA,NA,NA,NA,NA,NA,NA
2024-07-05,NA,NA,NA,NA,NA,-0.37612,0.00215,-0.47606,-0.37663
2024-07-08,NA,NA,21068.8,NA,NA,NA,NA,NA,NA
2024-07-09,NA,NA,NA,NA,NA,NA,NA,NA,NA
2024-07-10,NA,NA,NA,736.402,3341.977,NA,NA,NA,NA
2024-07-11,240000,1853000,NA,NA,NA,NA,NA,NA,NA
2024-07-12,NA,NA,NA,NA,NA,-0.37097,0.00493,-0.46892,-0.3695
2024-07-15,NA,NA,21055.9,NA,NA,NA,NA,NA,NA
2024-07-16,NA,NA,NA,NA,NA,NA,NA,NA,NA
2024-07-17,NA,NA,NA,751.593,3331.425,NA,NA,NA,NA
2024-07-18,236000,1874000,NA,NA,NA,NA,NA,NA,NA
2024-07-19,NA,NA,NA,NA,NA,-0.36631,0.00747,-0.46398,-0.36279
2024-07-22,NA,NA,20990.4,NA,NA,NA,NA,NA,NA
2024-07-23,NA,NA,NA,NA,NA,NA,NA,NA,NA
2024-07-24,NA,NA,NA,774.315,3308.58,NA,NA,NA,NA
2024-07-25,248000,1876000,NA,NA,NA,NA,NA,NA,NA
2024-07-26,NA,NA,NA,NA,NA,-0.36283,0.0095,-0.46154,-0.35787
2024-07-29,NA,NA,20965.2,NA,NA,NA,NA,NA,NA
2024-07-30,NA,NA,NA,NA,NA,NA,NA,NA,NA
2024-07-31,NA,NA,NA,786.486,3293.519,NA,NA,NA,NA
2024-08-01,234000,1863000,NA,NA,NA,NA,NA,NA,NA
2024-08-02,NA,NA,NA,NA,NA,-0.36087,0.01074,-0.46353,-0.35549
2024-08-05,NA,NA,21131.7,NA,NA,NA,NA,NA,NA
2024-08-06,NA,NA,NA,NA,NA,NA,NA,NA,NA
2024-08-07,NA,NA,NA,770.931,3351.662,NA,NA,NA,NA
2024-08-08,228000,1859000,NA,NA,NA,NA,NA,NA,NA
2024-08-09,NA,NA,NA,NA,NA,-0.36188,0.01089,-0.47269,-0.35669
2024-08-12,NA,NA,21110.4,NA,NA,NA,NA,NA,NA
2024-08-13,NA,NA,NA,NA,NA,NA,NA,NA,NA
2024-08-14,NA,NA,NA,794.12,3346.138,NA,NA,NA,NA
2024-08-15,232000,1864000,NA,NA,NA,NA,NA,NA,NA
2024-08-16,NA,NA,NA,NA,NA,-0.37019,0.00921,-0.49308,-0.36453
2024-08-19,NA,NA,21125.1,NA,NA,NA,NA,NA,NA
2024-08-20,NA,NA,NA,NA,NA,NA,NA,NA,NA
2024-08-21,NA,NA,NA,736.494,3355.586,NA,NA,NA,NA
2024-08-22,232000,1849000,NA,NA,NA,NA,NA,NA,NA
2024-08-23,NA,NA,NA,NA,NA,-0.38058,0.00594,-0.52205,-0.37434
2024-08-26,NA,NA,21070.5,NA,NA,NA,NA,NA,NA
2024-08-27,NA,NA,NA,NA,NA,NA,NA,NA,NA
2024-08-28,NA,NA,NA,745.851,3313.566,NA,NA,NA,NA
2024-08-29,228000,1845000,NA,NA,NA,NA,NA,NA,NA
2024-08-30,NA,NA,NA,NA,NA,-0.3923,0.00145,-0.5569,-0.38529
2024-09-02,NA,NA,21171.1,NA,NA,NA,NA,NA,NA
2024-09-03,NA,NA,NA,NA,NA,NA,NA,NA,NA
2024-09-04,NA,NA,NA,733.959,3243.002,NA,NA,NA,NA
2024-09-05,230000,1827000,NA,NA,NA,NA,NA,NA,NA
2024-09-06,NA,NA,NA,NA,NA,-0.40391,-0.004,-0.5956,-0.39596
2024-09-09,NA,NA,21260,NA,NA,NA,NA,NA,NA
2024-09-10,NA,NA,NA,NA,NA,NA,NA,NA,NA
2024-09-11,NA,NA,NA,755.958,3320.818,NA,NA,NA,NA
2024-09-12,222000,1831000,NA,NA,NA,NA,NA,NA,NA
2024-09-13,NA,NA,NA,NA,NA,-0.41416,-0.01064,-0.63029,-0.4046
2024-09-16,NA,NA,21236,NA,NA,NA,NA,NA,NA
2024-09-17,NA,NA,NA,NA,NA,NA,NA,NA,NA
2024-09-18,NA,NA,NA,771.194,3313.281,NA,NA,NA,NA
2024-09-19,221000,1825000,NA,NA,NA,NA,NA,NA,NA
2024-09-20,NA,NA,NA,NA,NA,-0.42252,-0.01829,-0.65819,-0.41039
2024-09-23,NA,NA,21134.3,NA,NA,NA,NA,NA,NA
2024-09-24,NA,NA,NA,NA,NA,NA,NA,NA,NA
2024-09-25,NA,NA,NA,806.771,3169.149,NA,NA,NA,NA
2024-09-26,227000,1858000,NA,NA,NA,NA,NA,NA,NA
2024-09-27,NA,NA,NA,NA,NA,-0.42903,-0.02614,-0.67538,-0.41446
2024-09-30,NA,NA,21181.8,NA,NA,NA,NA,NA,NA
2024-10-01,NA,NA,NA,NA,NA,NA,NA,NA,NA
2024-10-02,NA,NA,NA,798.277,3089.598,NA,NA,NA,NA
2024-10-03,259000,1869000,NA,NA,NA,NA,NA,NA,NA
2024-10-04,NA,NA,NA,NA,NA,-0.43331,-0.03447,-0.68013,-0.41581
2024-10-07,NA,NA,21270,NA,NA,NA,NA,NA,NA
2024-10-08,NA,NA,NA,NA,NA,NA,NA,NA,NA
2024-10-09,NA,NA,NA,802.115,3186.207,NA,NA,NA,NA
2024-10-10,240000,1884000,NA,NA,NA,NA,NA,NA,NA
2024-10-11,NA,NA,NA,NA,NA,-0.43645,-0.0425,-0.6702,-0.41662
2024-10-14,NA,NA,21242.2,NA,NA,NA,NA,NA,NA
2024-10-15,NA,NA,NA,NA,NA,NA,NA,NA,NA
2024-10-16,NA,NA,NA,791.792,3209.877,NA,NA,NA,NA
2024-10-17,228000,1855000,NA,NA,NA,NA,NA,NA,NA
2024-10-18,NA,NA,NA,NA,NA,-0.44088,-0.05022,-0.64441,-0.41941
2024-10-21,NA,NA,21239.5,NA,NA,NA,NA,NA,NA
2024-10-22,NA,NA,NA,NA,NA,NA,NA,NA,NA
2024-10-23,NA,NA,NA,829.991,3230.145,NA,NA,NA,NA
2024-10-24,218000,1880000,NA,NA,NA,NA,NA,NA,NA
2024-10-25,NA,NA,NA,NA,NA,-0.44532,-0.0569,-0.60372,-0.42379
2024-10-28,NA,NA,21209,NA,NA,NA,NA,NA,NA
2024-10-29,NA,NA,NA,NA,NA,NA,NA,NA,NA
2024-10-30,NA,NA,NA,835.237,3236.958,NA,NA,NA,NA
2024-10-31,221000,1872000,NA,NA,NA,NA,NA,NA,NA
2024-11-01,NA,NA,NA,NA,NA,-0.45119,-0.06245,-0.55246,-0.43098
2024-11-04,NA,NA,21381.4,NA,NA,NA,NA,NA,NA
2024-11-05,NA,NA,NA,NA,NA,NA,NA,NA,NA
2024-11-06,NA,NA,NA,842.051,3274.12,NA,NA,NA,NA
2024-11-07,219000,1892000,NA,NA,NA,NA,NA,NA,NA
2024-11-08,NA,NA,NA,NA,NA,-0.45893,-0.06685,-0.49669,-0.4413
2024-11-11,NA,NA,21419.9,NA,NA,NA,NA,NA,NA
2024-11-12,NA,NA,NA,NA,NA,NA,NA,NA,NA
2024-11-13,NA,NA,NA,832.186,3244.149,NA,NA,NA,NA
2024-11-14,216000,1892000,NA,NA,NA,NA,NA,NA,NA
2024-11-15,NA,NA,NA,NA,NA,-0.46607,-0.06965,-0.44599,-0.4522
2024-11-18,NA,NA,21463,NA,NA,NA,NA,NA,NA
2024-11-19,NA,NA,NA,NA,NA,NA,NA,NA,NA
2024-11-20,NA,NA,NA,751.873,3286.885,NA,NA,NA,NA
2024-11-21,216000,1871000,NA,NA,NA,NA,NA,NA,NA
2024-11-22,NA,NA,NA,NA,NA,-0.47068,-0.07072,-0.40812,-0.46169
2024-11-25,NA,NA,21390,NA,NA,NA,NA,NA,NA
2024-11-26,NA,NA,NA,NA,NA,NA,NA,NA,NA
2024-11-27,NA,NA,NA,775.25,3227.674,NA,NA,NA,NA
2024-11-28,225000,1873000,NA,NA,NA,NA,NA,NA,NA
2024-11-29,NA,NA,NA,NA,NA,-0.47365,-0.07033,-0.38931,-0.47025
2024-12-02,NA,NA,21516.9,NA,NA,NA,NA,NA,NA
2024-12-03,NA,NA,NA,NA,NA,NA,NA,NA,NA
2024-12-04,NA,NA,NA,789.516,3225.075,NA,NA,NA,NA
2024-12-05,239000,1862000,NA,NA,NA,NA,NA,NA,NA
2024-12-06,NA,NA,NA,NA,NA,-0.47567,-0.06924,-0.39207,-0.47761
2024-12-09,NA,NA,21557.9,NA,NA,NA,NA,NA,NA
2024-12-10,NA,NA,NA,NA,NA,NA,NA,NA,NA
2024-12-11,NA,NA,NA,775.067,3264.559,NA,NA,NA,NA
2024-12-12,222000,1882000,NA,NA,NA,NA,NA,NA,NA
2024-12-13,NA,NA,NA,NA,NA,-0.47723,-0.06799,-0.41341,-0.484
2024-12-16,NA,NA,21595,NA,NA,NA,NA,NA,NA
2024-12-17,NA,NA,NA,NA,NA,NA,NA,NA,NA
2024-12-18,NA,NA,NA,767.932,3282.229,NA,NA,NA,NA
2024-12-19,219000,1828000,NA,NA,NA,NA,NA,NA,NA
2024-12-20,NA,NA,NA,NA,NA,-0.47879,-0.06738,-0.45003,-0.48896
2024-12-23,NA,NA,21627.7,NA,NA,NA,NA,NA,NA
2024-12-24,NA,NA,NA,NA,NA,NA,NA,NA,NA
2024-12-25,NA,NA,NA,764.77,3247.382,NA,NA,NA,NA
2024-12-26,209000,1871000,NA,NA,NA,NA,NA,NA,NA
2024-12-27,NA,NA,NA,NA,NA,-0.48399,-0.06848,-0.49758,-0.495
2024-12-30,NA,NA,21640.3,NA,NA,NA,NA,NA,NA
2024-12-31,NA,NA,NA,NA,NA,NA,NA,NA,NA
2025-01-01,NA,NA,NA,719.873,3095.997,NA,NA,NA,NA
2025-01-02,205000,1850000,NA,NA,NA,NA,NA,NA,NA
2025-01-03,NA,NA,NA,NA,NA,-0.49052,-0.07089,-0.55144,-0.50052
2025-01-06,NA,NA,21649.6,NA,NA,NA,NA,NA,NA
2025-01-07,NA,NA,NA,NA,NA,NA,NA,NA,NA
2025-01-08,NA,NA,NA,652.636,3254.743,NA,NA,NA,NA
2025-01-09,217000,1888000,NA,NA,NA,NA,NA,NA,NA
2025-01-10,NA,NA,NA,NA,NA,-0.49898,-0.07485,-0.60435,-0.50577
2025-01-13,NA,NA,21663.9,NA,NA,NA,NA,NA,NA
2025-01-14,NA,NA,NA,NA,NA,NA,NA,NA,NA
2025-01-15,NA,NA,NA,641.225,3340.816,NA,NA,NA,NA
2025-01-16,222000,1849000,NA,NA,NA,NA,NA,NA,NA
2025-01-17,NA,NA,NA,NA,NA,-0.50686,-0.07898,-0.65251,-0.50927
2025-01-20,NA,NA,21585.1,NA,NA,NA,NA,NA,NA
2025-01-21,NA,NA,NA,NA,NA,NA,NA,NA,NA
2025-01-22,NA,NA,NA,677.282,3332.278,NA,NA,NA,NA
2025-01-23,210000,1874000,NA,NA,NA,NA,NA,NA,NA
2025-01-24,NA,NA,NA,NA,NA,-0.51433,-0.08179,-0.68873,-0.51294
2025-01-27,NA,NA,21486.6,NA,NA,NA,NA,NA,NA
2025-01-28,NA,NA,NA,NA,NA,NA,NA,NA,NA
2025-01-29,NA,NA,NA,784.206,3224.785,NA,NA,NA,NA
2025-01-30,222000,1839000,NA,NA,NA,NA,NA,NA,NA
2025-01-31,NA,NA,NA,NA,NA,-0.51882,-0.08213,-0.70735,-0.51454
2025-02-03,NA,NA,21518.6,NA,NA,NA,NA,NA,NA
2025-02-04,NA,NA,NA,NA,NA,NA,NA,NA,NA
2025-02-05,NA,NA,NA,805.593,3177.065,NA,NA,NA,NA
2025-02-06,215000,1861000,NA,NA,NA,NA,NA,NA,NA
2025-02-07,NA,NA,NA,NA,NA,-0.51824,-0.07887,-0.70496,-0.51288
2025-02-10,NA,NA,21519.2,NA,NA,NA,NA,NA,NA
2025-02-11,NA,NA,NA,NA,NA,NA,NA,NA,NA
2025-02-12,NA,NA,NA,828.102,3220.027,NA,NA,NA,NA
2025-02-13,224000,1847000,NA,NA,NA,NA,NA,NA,NA
2025-02-14,NA,NA,NA,NA,NA,-0.51316,-0.07135,-0.68323,-0.50876999999999994
2025-02-17,NA,NA,21550.2,NA,NA,NA,NA,NA,NA
2025-02-18,NA,NA,NA,NA,NA,NA,NA,NA,NA
2025-02-19,NA,NA,NA,790.062,3270.082,NA,NA,NA,NA
2025-02-20,243000,1892000,NA,NA,NA,NA,NA,NA,NA
2025-02-21,NA,NA,NA,NA,NA,-0.50188,-0.05935,-0.64546,-0.50091
2025-02-24,NA,NA,21552.3,NA,NA,NA,NA,NA,NA
2025-02-25,NA,NA,NA,NA,NA,NA,NA,NA,NA
2025-02-26,NA,NA,NA,681.161,3327.249,NA,NA,NA,NA
2025-02-27,224000,1851000,NA,NA,NA,NA,NA,NA,NA
2025-02-28,NA,NA,NA,NA,NA,-0.48611,-0.04411,-0.5966,-0.48947
2025-03-03,NA,NA,21681.8,NA,NA,NA,NA,NA,NA
2025-03-04,NA,NA,NA,NA,NA,NA,NA,NA,NA
2025-03-05,NA,NA,NA,548.331,3312.625,NA,NA,NA,NA
2025-03-06,223000,1881000,NA,NA,NA,NA,NA,NA,NA
2025-03-07,NA,NA,NA,NA,NA,-0.46704,-0.0272,-0.54188,-0.47519
2025-03-10,NA,NA,21791,NA,NA,NA,NA,NA,NA
2025-03-11,NA,NA,NA,NA,NA,NA,NA,NA,NA
2025-03-12,NA,NA,NA,512.581,3400.235,NA,NA,NA,NA
2025-03-13,225000,1847000,NA,NA,NA,NA,NA,NA,NA
2025-03-14,NA,NA,NA,NA,NA,-0.44656,-0.01022,-0.4845,-0.45872
2025-03-17,NA,NA,21912.5,NA,NA,NA,NA,NA,NA
2025-03-18,NA,NA,NA,NA,NA,NA,NA,NA,NA
2025-03-19,NA,NA,NA,435.936,3467.789,NA,NA,NA,NA
2025-03-20,225000,1893000,NA,NA,NA,NA,NA,NA,NA
2025-03-21,NA,NA,NA,NA,NA,-0.42708,0.00513,-0.4287,-0.4419
2025-03-24,NA,NA,21879.3,NA,NA,NA,NA,NA,NA
2025-03-25,NA,NA,NA,NA,NA,NA,NA,NA,NA
2025-03-26,NA,NA,NA,360.177,3450.933,NA,NA,NA,NA
2025-03-27,219000,1844000,NA,NA,NA,NA,NA,NA,NA
2025-03-28,NA,NA,NA,NA,NA,-0.40908,0.01703,-0.3783,-0.42486
2025-03-31,NA,NA,21972.6,NA,NA,NA,NA,NA,NA
2025-04-01,NA,NA,NA,NA,NA,NA,NA,NA,NA
2025-04-02,NA,NA,NA,313.326,3379.339,NA,NA,NA,NA
2025-04-03,224000,1878000,NA,NA,NA,NA,NA,NA,NA
2025-04-04,NA,NA,NA,NA,NA,-0.39328,0.02523,-0.33963,-0.40933
2025-04-07,NA,NA,22081.1,NA,NA,NA,NA,NA,NA
2025-04-08,NA,NA,NA,NA,NA,NA,NA,NA,NA
2025-04-09,NA,NA,NA,306.049,3474.682,NA,NA,NA,NA
2025-04-10,216000,1833000,NA,NA,NA,NA,NA,NA,NA
2025-04-11,NA,NA,NA,NA,NA,-0.38178,0.02953,-0.31802,-0.39793
2025-04-14,NA,NA,22113.7,NA,NA,NA,NA,NA,NA
2025-04-15,NA,NA,NA,NA,NA,NA,NA,NA,NA
2025-04-16,NA,NA,NA,422.983,3452.03,NA,NA,NA,NA
2025-04-17,223000,1908000,NA,NA,NA,NA,NA,NA,NA
2025-04-18,NA,NA,NA,NA,NA,-0.38215,0.02898,-0.32538,-0.3967
2025-04-21,NA,NA,21935.8,NA,NA,NA,NA,NA,NA
2025-04-22,NA,NA,NA,NA,NA,NA,NA,NA,NA
2025-04-23,NA,NA,NA,606.632,3256.734,NA,NA,NA,NA
2025-04-24,241000,1872000,NA,NA,NA,NA,NA,NA,NA
2025-04-25,NA,NA,NA,NA,NA,-0.38896,0.02478,-0.3549,-0.40234
2025-04-28,NA,NA,21779,NA,NA,NA,NA,NA,NA
2025-04-29,NA,NA,NA,NA,NA,NA,NA,NA,NA
2025-04-30,NA,NA,NA,595.741,3219.214,NA,NA,NA,NA
2025-05-01,229000,1877000,NA,NA,NA,NA,NA,NA,NA
2025-05-02,NA,NA,NA,NA,NA,-0.40299,0.01737,-0.40335,-0.41495
2025-05-05,NA,NA,21830.2,NA,NA,NA,NA,NA,NA
2025-05-06,NA,NA,NA,NA,NA,NA,NA,NA,NA
2025-05-07,NA,NA,NA,583.727,3218.636,NA,NA,NA,NA
2025-05-08,228000,1893000,NA,NA,NA,NA,NA,NA,NA
2025-05-09,NA,NA,NA,NA,NA,-0.42183,0.00782,-0.46247,-0.43269
2025-05-12,NA,NA,NA,NA,NA,NA,NA,NA,NA
2025-05-13,NA,NA,NA,NA,NA,NA,NA,NA,NA
2025-05-14,NA,NA,NA,575.846,3235.723,NA,NA,NA,NA
2025-05-15,226000,1907000,NA,NA,NA,NA,NA,NA,NA
2025-05-16,NA,NA,NA,NA,NA,-0.44172,-0.00269,-0.52117,-0.45233
2025-05-19,NA,NA,NA,NA,NA,NA,NA,NA,NA
2025-05-20,NA,NA,NA,NA,NA,NA,NA,NA,NA
2025-05-21,NA,NA,NA,503.055,3289.469,NA,NA,NA,NA
2025-05-22,239000,1904000,NA,NA,NA,NA,NA,NA,NA
2025-05-23,NA,NA,NA,NA,NA,-0.45952,-0.01238,-0.57216,-0.47143
2025-05-26,NA,NA,NA,NA,NA,NA,NA,NA,NA
2025-05-27,NA,NA,NA,NA,NA,NA,NA,NA,NA
2025-05-28,NA,NA,NA,467.204,3270.661,NA,NA,NA,NA
2025-05-29,247000,NA,NA,NA,NA,NA,NA,NA,NA
2025-05-30,NA,NA,NA,NA,NA,-0.47611,-0.02199,NA,-0.48892
2025-06-02,NA,NA,NA,NA,NA,NA,NA,NA,NA
2025-06-03,NA,NA,NA,NA,NA,NA,NA,NA,NA
2025-06-04,NA,NA,NA,378.947,3294.381,NA,NA,NA,NA
2025-06-05,NA,NA,NA,NA,NA,NA,NA,NA,NA
2025-06-06,NA,NA,NA,NA,NA,NA,NA,NA,NA
2025-06-09,NA,NA,NA,NA,NA,NA,NA,NA,NA
