video_id,title,description,published_at,channel_title,playlist_id,playlist_name,position,source,duration_seconds,view_count,like_count,page,file_source,show_name,youtube_published_at,original_date,title_date,best_date,date_source,days_difference,date_str,pattern_matched
0uX0Y5wVxc8,Private video,This video is private.,2025-05-02T11:37:28Z,Bloomberg Television,PLGaYlBJIOoa_vIH-o9MQZHg86xdx496BW,Bloomberg Brief,701,playlist,NA,NA,NA,15,Bloomberg_Brief.csv,Bloomberg_Brief,NA,2025-05-02T11:37:28Z,NA,2025-05-02T11:37:28Z,original_csv,0,NA,NA
1zOBJSfUJ28,Private video,This video is private.,2025-02-13T16:24:27Z,Bloomberg Television,PLGaYlBJIOoa_vIH-o9MQZHg86xdx496BW,Bloomberg Brief,723,playlist,NA,NA,NA,15,Bloomberg_Brief.csv,Bloomberg_Brief,NA,2025-02-13T16:24:27Z,NA,2025-02-13T16:24:27Z,original_csv,0,NA,NA
tyysVlhoGgU,Private video,This video is private.,2024-12-13T16:48:35Z,Bloomberg Television,PLGaYlBJIOoa_vIH-o9MQZHg86xdx496BW,Bloomberg Brief,722,playlist,NA,NA,NA,15,Bloomberg_Brief.csv,Bloomberg_Brief,NA,2024-12-13T16:48:35Z,NA,2024-12-13T16:48:35Z,original_csv,0,NA,NA
ru5kT6XBnHo,Private video,This video is private.,2024-12-13T12:19:46Z,Bloomberg Television,PLGaYlBJIOoa_vIH-o9MQZHg86xdx496BW,Bloomberg Brief,702,playlist,NA,NA,NA,15,Bloomberg_Brief.csv,Bloomberg_Brief,NA,2024-12-13T12:19:46Z,NA,2024-12-13T12:19:46Z,original_csv,0,NA,NA
mVaUBXxYTfE,Private video,This video is private.,2024-12-06T13:14:01Z,Bloomberg Television,PLGaYlBJIOoa_vIH-o9MQZHg86xdx496BW,Bloomberg Brief,703,playlist,NA,NA,NA,15,Bloomberg_Brief.csv,Bloomberg_Brief,NA,2024-12-06T13:14:01Z,NA,2024-12-06T13:14:01Z,original_csv,0,NA,NA
Xw48HIhW-8w,Private video,This video is private.,2024-10-25T15:16:30Z,Bloomberg Television,PLGaYlBJIOoa_vIH-o9MQZHg86xdx496BW,Bloomberg Brief,721,playlist,NA,NA,NA,15,Bloomberg_Brief.csv,Bloomberg_Brief,NA,2024-10-25T15:16:30Z,NA,2024-10-25T15:16:30Z,original_csv,0,NA,NA
v8EsXUSQD8I,Private video,This video is private.,2024-10-23T15:38:26Z,Bloomberg Television,PLGaYlBJIOoa_vIH-o9MQZHg86xdx496BW,Bloomberg Brief,720,playlist,NA,NA,NA,15,Bloomberg_Brief.csv,Bloomberg_Brief,NA,2024-10-23T15:38:26Z,NA,2024-10-23T15:38:26Z,original_csv,0,NA,NA
ZBzpvAg_ed0,Private video,This video is private.,2024-08-02T13:16:43Z,Bloomberg Television,PLGaYlBJIOoa_vIH-o9MQZHg86xdx496BW,Bloomberg Brief,704,playlist,NA,NA,NA,15,Bloomberg_Brief.csv,Bloomberg_Brief,NA,2024-08-02T13:16:43Z,NA,2024-08-02T13:16:43Z,original_csv,0,NA,NA
XVpqipimCjI,Private video,This video is private.,2024-07-29T11:56:23Z,Bloomberg Television,PLGaYlBJIOoa_vIH-o9MQZHg86xdx496BW,Bloomberg Brief,705,playlist,NA,NA,NA,15,Bloomberg_Brief.csv,Bloomberg_Brief,NA,2024-07-29T11:56:23Z,NA,2024-07-29T11:56:23Z,original_csv,0,NA,NA
1EG5SNj5yys,Private video,This video is private.,2024-07-16T10:22:10Z,Bloomberg Television,PLGaYlBJIOoa_vIH-o9MQZHg86xdx496BW,Bloomberg Brief,706,playlist,NA,NA,NA,15,Bloomberg_Brief.csv,Bloomberg_Brief,NA,2024-07-16T10:22:10Z,NA,2024-07-16T10:22:10Z,original_csv,0,NA,NA
XJSGAUv1_tc,Private video,This video is private.,2024-06-14T10:31:03Z,Bloomberg Television,PLGaYlBJIOoa_vIH-o9MQZHg86xdx496BW,Bloomberg Brief,707,playlist,NA,NA,NA,15,Bloomberg_Brief.csv,Bloomberg_Brief,NA,2024-06-14T10:31:03Z,NA,2024-06-14T10:31:03Z,original_csv,0,NA,NA
TvYcrWqDRRk,Private video,This video is private.,2024-04-25T10:19:23Z,Bloomberg Television,PLGaYlBJIOoa_vIH-o9MQZHg86xdx496BW,Bloomberg Brief,708,playlist,NA,NA,NA,15,Bloomberg_Brief.csv,Bloomberg_Brief,NA,2024-04-25T10:19:23Z,NA,2024-04-25T10:19:23Z,original_csv,0,NA,NA
6Jhkb2-gtZM,Private video,This video is private.,2024-04-24T10:15:52Z,Bloomberg Television,PLGaYlBJIOoa_vIH-o9MQZHg86xdx496BW,Bloomberg Brief,709,playlist,NA,NA,NA,15,Bloomberg_Brief.csv,Bloomberg_Brief,NA,2024-04-24T10:15:52Z,NA,2024-04-24T10:15:52Z,original_csv,0,NA,NA
6YJJyrBtj4w,Private video,This video is private.,2024-04-23T10:30:57Z,Bloomberg Television,PLGaYlBJIOoa_vIH-o9MQZHg86xdx496BW,Bloomberg Brief,710,playlist,NA,NA,NA,15,Bloomberg_Brief.csv,Bloomberg_Brief,NA,2024-04-23T10:30:57Z,NA,2024-04-23T10:30:57Z,original_csv,0,NA,NA
h8okgDMPAFU,Private video,This video is private.,2024-04-19T10:47:41Z,Bloomberg Television,PLGaYlBJIOoa_vIH-o9MQZHg86xdx496BW,Bloomberg Brief,711,playlist,NA,NA,NA,15,Bloomberg_Brief.csv,Bloomberg_Brief,NA,2024-04-19T10:47:41Z,NA,2024-04-19T10:47:41Z,original_csv,0,NA,NA
a0B8WsjvgVw,Private video,This video is private.,2024-04-09T10:25:32Z,Bloomberg Television,PLGaYlBJIOoa_vIH-o9MQZHg86xdx496BW,Bloomberg Brief,712,playlist,NA,NA,NA,15,Bloomberg_Brief.csv,Bloomberg_Brief,NA,2024-04-09T10:25:32Z,NA,2024-04-09T10:25:32Z,original_csv,0,NA,NA
rSjL4wDdnLA,Private video,This video is private.,2024-04-05T10:19:00Z,Bloomberg Television,PLGaYlBJIOoa_vIH-o9MQZHg86xdx496BW,Bloomberg Brief,713,playlist,NA,NA,NA,15,Bloomberg_Brief.csv,Bloomberg_Brief,NA,2024-04-05T10:19:00Z,NA,2024-04-05T10:19:00Z,original_csv,0,NA,NA
dPUHv71JB1w,Private video,This video is private.,2024-04-04T10:30:35Z,Bloomberg Television,PLGaYlBJIOoa_vIH-o9MQZHg86xdx496BW,Bloomberg Brief,714,playlist,NA,NA,NA,15,Bloomberg_Brief.csv,Bloomberg_Brief,NA,2024-04-04T10:30:35Z,NA,2024-04-04T10:30:35Z,original_csv,0,NA,NA
PUUBHYl2UrI,Private video,This video is private.,2024-03-19T15:20:59Z,Bloomberg Television,PLGaYlBJIOoa_vIH-o9MQZHg86xdx496BW,Bloomberg Brief,719,playlist,NA,NA,NA,15,Bloomberg_Brief.csv,Bloomberg_Brief,NA,2024-03-19T15:20:59Z,NA,2024-03-19T15:20:59Z,original_csv,0,NA,NA
62YhY3GG6O8,Private video,This video is private.,2024-03-08T11:03:34Z,Bloomberg Television,PLGaYlBJIOoa_vIH-o9MQZHg86xdx496BW,Bloomberg Brief,718,playlist,NA,NA,NA,15,Bloomberg_Brief.csv,Bloomberg_Brief,NA,2024-03-08T11:03:34Z,NA,2024-03-08T11:03:34Z,original_csv,0,NA,NA
yUodX1xWOWM,Private video,This video is private.,2023-11-08T13:31:08Z,Bloomberg Television,PLGaYlBJIOoa_vIH-o9MQZHg86xdx496BW,Bloomberg Brief,715,playlist,NA,NA,NA,15,Bloomberg_Brief.csv,Bloomberg_Brief,NA,2023-11-08T13:31:08Z,NA,2023-11-08T13:31:08Z,original_csv,0,NA,NA
ztQt7YZQeRA,Private video,This video is private.,2023-11-02T10:00:44Z,Bloomberg Television,PLGaYlBJIOoa_vIH-o9MQZHg86xdx496BW,Bloomberg Brief,716,playlist,NA,NA,NA,15,Bloomberg_Brief.csv,Bloomberg_Brief,NA,2023-11-02T10:00:44Z,NA,2023-11-02T10:00:44Z,original_csv,0,NA,NA
O4HwNOTvDws,Private video,This video is private.,2023-10-04T10:20:53Z,Bloomberg Television,PLGaYlBJIOoa_vIH-o9MQZHg86xdx496BW,Bloomberg Brief,717,playlist,NA,NA,NA,15,Bloomberg_Brief.csv,Bloomberg_Brief,NA,2023-10-04T10:20:53Z,NA,2023-10-04T10:20:53Z,original_csv,0,NA,NA
mPeEQ0gebps,Private video,This video is private.,2024-12-03T09:40:44Z,Bloomberg Television,PLGaYlBJIOoa8ykANlgpdOVzhZRr88ZLP_,Bloomberg Daybreak Europe,650,playlist,NA,NA,NA,14,Bloomberg_Daybreak_Europe.csv,Bloomberg_Daybreak_Europe,NA,2024-12-03T09:40:44Z,NA,2024-12-03T09:40:44Z,original_csv,0,NA,NA
tkGON9ZVvDU,Private video,This video is private.,2024-11-15T08:22:20Z,Bloomberg Television,PLGaYlBJIOoa8ykANlgpdOVzhZRr88ZLP_,Bloomberg Daybreak Europe,668,playlist,NA,NA,NA,14,Bloomberg_Daybreak_Europe.csv,Bloomberg_Daybreak_Europe,NA,2024-11-15T08:22:20Z,NA,2024-11-15T08:22:20Z,original_csv,0,NA,NA
NDhMnX6Zzc8,Private video,This video is private.,2024-10-30T08:43:41Z,Bloomberg Television,PLGaYlBJIOoa8ykANlgpdOVzhZRr88ZLP_,Bloomberg Daybreak Europe,667,playlist,NA,NA,NA,14,Bloomberg_Daybreak_Europe.csv,Bloomberg_Daybreak_Europe,NA,2024-10-30T08:43:41Z,NA,2024-10-30T08:43:41Z,original_csv,0,NA,NA
IOd1cl8FLng,Private video,This video is private.,2024-10-30T08:14:43Z,Bloomberg Television,PLGaYlBJIOoa8ykANlgpdOVzhZRr88ZLP_,Bloomberg Daybreak Europe,666,playlist,NA,NA,NA,14,Bloomberg_Daybreak_Europe.csv,Bloomberg_Daybreak_Europe,NA,2024-10-30T08:14:43Z,NA,2024-10-30T08:14:43Z,original_csv,0,NA,NA
RrUFxqTFHFg,Private video,This video is private.,2024-09-25T09:47:44Z,Bloomberg Television,PLGaYlBJIOoa8ykANlgpdOVzhZRr88ZLP_,Bloomberg Daybreak Europe,665,playlist,NA,NA,NA,14,Bloomberg_Daybreak_Europe.csv,Bloomberg_Daybreak_Europe,NA,2024-09-25T09:47:44Z,NA,2024-09-25T09:47:44Z,original_csv,0,NA,NA
NuAflKpKvPY,Private video,This video is private.,2024-09-09T11:47:20Z,Bloomberg Television,PLGaYlBJIOoa8ykANlgpdOVzhZRr88ZLP_,Bloomberg Daybreak Europe,664,playlist,NA,NA,NA,14,Bloomberg_Daybreak_Europe.csv,Bloomberg_Daybreak_Europe,NA,2024-09-09T11:47:20Z,NA,2024-09-09T11:47:20Z,original_csv,0,NA,NA
g1dKTB-MgVY,Private video,This video is private.,2024-08-16T08:00:28Z,Bloomberg Television,PLGaYlBJIOoa8ykANlgpdOVzhZRr88ZLP_,Bloomberg Daybreak Europe,663,playlist,NA,NA,NA,14,Bloomberg_Daybreak_Europe.csv,Bloomberg_Daybreak_Europe,NA,2024-08-16T08:00:28Z,NA,2024-08-16T08:00:28Z,original_csv,0,NA,NA
quMs2ytXTyY,Private video,This video is private.,2024-08-05T08:09:28Z,Bloomberg Television,PLGaYlBJIOoa8ykANlgpdOVzhZRr88ZLP_,Bloomberg Daybreak Europe,662,playlist,NA,NA,NA,14,Bloomberg_Daybreak_Europe.csv,Bloomberg_Daybreak_Europe,NA,2024-08-05T08:09:28Z,NA,2024-08-05T08:09:28Z,original_csv,0,NA,NA
81EeJPJBSgg,Private video,This video is private.,2024-08-05T05:44:35Z,Bloomberg Television,PLGaYlBJIOoa8ykANlgpdOVzhZRr88ZLP_,Bloomberg Daybreak Europe,661,playlist,NA,NA,NA,14,Bloomberg_Daybreak_Europe.csv,Bloomberg_Daybreak_Europe,NA,2024-08-05T05:44:35Z,NA,2024-08-05T05:44:35Z,original_csv,0,NA,NA
ehTrgmuuJio,Private video,This video is private.,2024-07-12T08:14:21Z,Bloomberg Television,PLGaYlBJIOoa8ykANlgpdOVzhZRr88ZLP_,Bloomberg Daybreak Europe,660,playlist,NA,NA,NA,14,Bloomberg_Daybreak_Europe.csv,Bloomberg_Daybreak_Europe,NA,2024-07-12T08:14:21Z,NA,2024-07-12T08:14:21Z,original_csv,0,NA,NA
qSubHntkvRc,Private video,This video is private.,2024-07-03T05:55:41Z,Bloomberg Television,PLGaYlBJIOoa8ykANlgpdOVzhZRr88ZLP_,Bloomberg Daybreak Europe,659,playlist,NA,NA,NA,14,Bloomberg_Daybreak_Europe.csv,Bloomberg_Daybreak_Europe,NA,2024-07-03T05:55:41Z,NA,2024-07-03T05:55:41Z,original_csv,0,NA,NA
JYG04r5RlUI,Private video,This video is private.,2024-07-02T06:27:28Z,Bloomberg Television,PLGaYlBJIOoa8ykANlgpdOVzhZRr88ZLP_,Bloomberg Daybreak Europe,658,playlist,NA,NA,NA,14,Bloomberg_Daybreak_Europe.csv,Bloomberg_Daybreak_Europe,NA,2024-07-02T06:27:28Z,NA,2024-07-02T06:27:28Z,original_csv,0,NA,NA
hR2oKF0sD6Q,Private video,This video is private.,2024-06-19T06:06:35Z,Bloomberg Television,PLGaYlBJIOoa8ykANlgpdOVzhZRr88ZLP_,Bloomberg Daybreak Europe,657,playlist,NA,NA,NA,14,Bloomberg_Daybreak_Europe.csv,Bloomberg_Daybreak_Europe,NA,2024-06-19T06:06:35Z,NA,2024-06-19T06:06:35Z,original_csv,0,NA,NA
oKjEKZ_xxOA,Private video,This video is private.,2024-06-19T05:51:12Z,Bloomberg Television,PLGaYlBJIOoa8ykANlgpdOVzhZRr88ZLP_,Bloomberg Daybreak Europe,656,playlist,NA,NA,NA,14,Bloomberg_Daybreak_Europe.csv,Bloomberg_Daybreak_Europe,NA,2024-06-19T05:51:12Z,NA,2024-06-19T05:51:12Z,original_csv,0,NA,NA
3s-_72iwoi8,Private video,This video is private.,2024-06-14T09:13:39Z,Bloomberg Television,PLGaYlBJIOoa8ykANlgpdOVzhZRr88ZLP_,Bloomberg Daybreak Europe,655,playlist,NA,NA,NA,14,Bloomberg_Daybreak_Europe.csv,Bloomberg_Daybreak_Europe,NA,2024-06-14T09:13:39Z,NA,2024-06-14T09:13:39Z,original_csv,0,NA,NA
B9cXiDldsrY,Private video,This video is private.,2024-06-13T10:26:34Z,Bloomberg Television,PLGaYlBJIOoa8ykANlgpdOVzhZRr88ZLP_,Bloomberg Daybreak Europe,654,playlist,NA,NA,NA,14,Bloomberg_Daybreak_Europe.csv,Bloomberg_Daybreak_Europe,NA,2024-06-13T10:26:34Z,NA,2024-06-13T10:26:34Z,original_csv,0,NA,NA
bAwdZ1GHyOk,Private video,This video is private.,2024-05-15T07:37:04Z,Bloomberg Television,PLGaYlBJIOoa8ykANlgpdOVzhZRr88ZLP_,Bloomberg Daybreak Europe,653,playlist,NA,NA,NA,14,Bloomberg_Daybreak_Europe.csv,Bloomberg_Daybreak_Europe,NA,2024-05-15T07:37:04Z,NA,2024-05-15T07:37:04Z,original_csv,0,NA,NA
Mb325N6c1QA,Private video,This video is private.,2024-05-02T07:48:53Z,Bloomberg Television,PLGaYlBJIOoa8ykANlgpdOVzhZRr88ZLP_,Bloomberg Daybreak Europe,652,playlist,NA,NA,NA,14,Bloomberg_Daybreak_Europe.csv,Bloomberg_Daybreak_Europe,NA,2024-05-02T07:48:53Z,NA,2024-05-02T07:48:53Z,original_csv,0,NA,NA
2bdRPD1x7Zw,Private video,This video is private.,2024-04-25T07:57:23Z,Bloomberg Television,PLGaYlBJIOoa8ykANlgpdOVzhZRr88ZLP_,Bloomberg Daybreak Europe,651,playlist,NA,NA,NA,14,Bloomberg_Daybreak_Europe.csv,Bloomberg_Daybreak_Europe,NA,2024-04-25T07:57:23Z,NA,2024-04-25T07:57:23Z,original_csv,0,NA,NA
i_g-QKW-Kmo,Private video,This video is private.,2025-03-07T18:39:57Z,Bloomberg Television,PLGaYlBJIOoa_afta_ld-N5jFUcn3lfoEa,Bloomberg Open Interest,430,playlist,NA,NA,NA,NA,Bloomberg_Open_Interest.csv,Bloomberg_Open_Interest,NA,2025-03-07T18:39:57Z,NA,2025-03-07T18:39:57Z,original_csv,0,NA,NA
v7RRverfQEg,Private video,This video is private.,2025-02-28T15:58:31Z,Bloomberg Television,PLGaYlBJIOoa_afta_ld-N5jFUcn3lfoEa,Bloomberg Open Interest,431,playlist,NA,NA,NA,NA,Bloomberg_Open_Interest.csv,Bloomberg_Open_Interest,NA,2025-02-28T15:58:31Z,NA,2025-02-28T15:58:31Z,original_csv,0,NA,NA
KarsVIO4YKs,Private video,This video is private.,2025-01-29T17:27:36Z,Bloomberg Television,PLGaYlBJIOoa_afta_ld-N5jFUcn3lfoEa,Bloomberg Open Interest,432,playlist,NA,NA,NA,NA,Bloomberg_Open_Interest.csv,Bloomberg_Open_Interest,NA,2025-01-29T17:27:36Z,NA,2025-01-29T17:27:36Z,original_csv,0,NA,NA
b8sSA3vtfgo,Private video,This video is private.,2025-01-13T18:52:37Z,Bloomberg Television,PLGaYlBJIOoa_afta_ld-N5jFUcn3lfoEa,Bloomberg Open Interest,433,playlist,NA,NA,NA,NA,Bloomberg_Open_Interest.csv,Bloomberg_Open_Interest,NA,2025-01-13T18:52:37Z,NA,2025-01-13T18:52:37Z,original_csv,0,NA,NA
xgIGaS78bCM,Private video,This video is private.,2024-12-03T15:26:27Z,Bloomberg Television,PLGaYlBJIOoa_afta_ld-N5jFUcn3lfoEa,Bloomberg Open Interest,434,playlist,NA,NA,NA,NA,Bloomberg_Open_Interest.csv,Bloomberg_Open_Interest,NA,2024-12-03T15:26:27Z,NA,2024-12-03T15:26:27Z,original_csv,0,NA,NA
ymgMi8csa5w,Private video,This video is private.,2024-10-16T15:21:26Z,Bloomberg Television,PLGaYlBJIOoa_afta_ld-N5jFUcn3lfoEa,Bloomberg Open Interest,435,playlist,NA,NA,NA,NA,Bloomberg_Open_Interest.csv,Bloomberg_Open_Interest,NA,2024-10-16T15:21:26Z,NA,2024-10-16T15:21:26Z,original_csv,0,NA,NA
f0aUPqQoQsM,Private video,This video is private.,2024-09-13T14:25:26Z,Bloomberg Television,PLGaYlBJIOoa_afta_ld-N5jFUcn3lfoEa,Bloomberg Open Interest,436,playlist,NA,NA,NA,NA,Bloomberg_Open_Interest.csv,Bloomberg_Open_Interest,NA,2024-09-13T14:25:26Z,NA,2024-09-13T14:25:26Z,original_csv,0,NA,NA
ZZzjPWrwn4E,Private video,This video is private.,2024-07-12T14:45:07Z,Bloomberg Television,PLGaYlBJIOoa_afta_ld-N5jFUcn3lfoEa,Bloomberg Open Interest,437,playlist,NA,NA,NA,NA,Bloomberg_Open_Interest.csv,Bloomberg_Open_Interest,NA,2024-07-12T14:45:07Z,NA,2024-07-12T14:45:07Z,original_csv,0,NA,NA
CxISRLDCyps,Private video,This video is private.,2024-07-12T14:43:07Z,Bloomberg Television,PLGaYlBJIOoa_afta_ld-N5jFUcn3lfoEa,Bloomberg Open Interest,438,playlist,NA,NA,NA,NA,Bloomberg_Open_Interest.csv,Bloomberg_Open_Interest,NA,2024-07-12T14:43:07Z,NA,2024-07-12T14:43:07Z,original_csv,0,NA,NA
thDWGe02U0s,Private video,This video is private.,2024-07-12T14:41:30Z,Bloomberg Television,PLGaYlBJIOoa_afta_ld-N5jFUcn3lfoEa,Bloomberg Open Interest,439,playlist,NA,NA,NA,NA,Bloomberg_Open_Interest.csv,Bloomberg_Open_Interest,NA,2024-07-12T14:41:30Z,NA,2024-07-12T14:41:30Z,original_csv,0,NA,NA
M4uDxKumcc0,Private video,This video is private.,2024-10-11T19:53:05Z,Bloomberg Television,PLGaYlBJIOoa_afta_ld-N5jFUcn3lfoEa,Bloomberg Open Interest,440,playlist,NA,NA,NA,NA,Bloomberg_Open_Interest.csv,Bloomberg_Open_Interest,NA,2024-10-11T19:53:05Z,NA,2024-10-11T19:53:05Z,original_csv,0,NA,NA
NnB_yq6zLZo,Private video,This video is private.,2024-11-26T15:31:55Z,Bloomberg Television,PLGaYlBJIOoa_afta_ld-N5jFUcn3lfoEa,Bloomberg Open Interest,441,playlist,NA,NA,NA,NA,Bloomberg_Open_Interest.csv,Bloomberg_Open_Interest,NA,2024-11-26T15:31:55Z,NA,2024-11-26T15:31:55Z,original_csv,0,NA,NA
UKOfdNcLOF0,Private video,This video is private.,2024-11-26T16:00:03Z,Bloomberg Television,PLGaYlBJIOoa_afta_ld-N5jFUcn3lfoEa,Bloomberg Open Interest,442,playlist,NA,NA,NA,NA,Bloomberg_Open_Interest.csv,Bloomberg_Open_Interest,NA,2024-11-26T16:00:03Z,NA,2024-11-26T16:00:03Z,original_csv,0,NA,NA
NRTT8y6PmyU,Private video,This video is private.,2025-03-10T16:54:54Z,Bloomberg Television,PLGaYlBJIOoa_afta_ld-N5jFUcn3lfoEa,Bloomberg Open Interest,443,playlist,NA,NA,NA,NA,Bloomberg_Open_Interest.csv,Bloomberg_Open_Interest,NA,2025-03-10T16:54:54Z,NA,2025-03-10T16:54:54Z,original_csv,0,NA,NA
ZZGdJb7hQ9A,Private video,This video is private.,2025-03-12T15:40:42Z,Bloomberg Television,PLGaYlBJIOoa_afta_ld-N5jFUcn3lfoEa,Bloomberg Open Interest,444,playlist,NA,NA,NA,NA,Bloomberg_Open_Interest.csv,Bloomberg_Open_Interest,NA,2025-03-12T15:40:42Z,NA,2025-03-12T15:40:42Z,original_csv,0,NA,NA
diDO4Fv3b4c,Private video,This video is private.,2025-03-12T15:45:30Z,Bloomberg Television,PLGaYlBJIOoa_afta_ld-N5jFUcn3lfoEa,Bloomberg Open Interest,445,playlist,NA,NA,NA,NA,Bloomberg_Open_Interest.csv,Bloomberg_Open_Interest,NA,2025-03-12T15:45:30Z,NA,2025-03-12T15:45:30Z,original_csv,0,NA,NA
H0GtTx5qL5g,Private video,This video is private.,2025-03-13T15:46:47Z,Bloomberg Television,PLGaYlBJIOoa_afta_ld-N5jFUcn3lfoEa,Bloomberg Open Interest,446,playlist,NA,NA,NA,NA,Bloomberg_Open_Interest.csv,Bloomberg_Open_Interest,NA,2025-03-13T15:46:47Z,NA,2025-03-13T15:46:47Z,original_csv,0,NA,NA
FN9OMmOoqes,Private video,This video is private.,2025-03-13T15:59:38Z,Bloomberg Television,PLGaYlBJIOoa_afta_ld-N5jFUcn3lfoEa,Bloomberg Open Interest,447,playlist,NA,NA,NA,NA,Bloomberg_Open_Interest.csv,Bloomberg_Open_Interest,NA,2025-03-13T15:59:38Z,NA,2025-03-13T15:59:38Z,original_csv,0,NA,NA
NBqNyvFJ7Tk,Private video,This video is private.,2025-03-13T17:42:22Z,Bloomberg Television,PLGaYlBJIOoa_afta_ld-N5jFUcn3lfoEa,Bloomberg Open Interest,448,playlist,NA,NA,NA,NA,Bloomberg_Open_Interest.csv,Bloomberg_Open_Interest,NA,2025-03-13T17:42:22Z,NA,2025-03-13T17:42:22Z,original_csv,0,NA,NA
My1Zjr0998I,Private video,This video is private.,2025-04-07T15:47:27Z,Bloomberg Television,PLGaYlBJIOoa9Fsy0K5FDud2HYze_CUzKk,Bloomberg Surveillance Radio with Tom Keene and Paul Sweeney,416,playlist,NA,NA,NA,NA,Bloomberg_Surveillance_Radio_with_Tom_Keene_and_Paul_Sweeney.csv,Bloomberg_Surveillance_Radio_with_Tom_Keene_and_Paul_Sweeney,NA,2025-04-07T15:47:27Z,NA,2025-04-07T15:47:27Z,original_csv,0,NA,NA
ULhkcyeKG5c,Private video,This video is private.,2024-08-02T15:37:26Z,Bloomberg Television,PLGaYlBJIOoa9Fsy0K5FDud2HYze_CUzKk,Bloomberg Surveillance Radio with Tom Keene and Paul Sweeney,417,playlist,NA,NA,NA,NA,Bloomberg_Surveillance_Radio_with_Tom_Keene_and_Paul_Sweeney.csv,Bloomberg_Surveillance_Radio_with_Tom_Keene_and_Paul_Sweeney,NA,2024-08-02T15:37:26Z,NA,2024-08-02T15:37:26Z,original_csv,0,NA,NA
oaQEQADm04Y,Private video,This video is private.,2024-07-26T16:19:16Z,Bloomberg Television,PLGaYlBJIOoa9Fsy0K5FDud2HYze_CUzKk,Bloomberg Surveillance Radio with Tom Keene and Paul Sweeney,418,playlist,NA,NA,NA,NA,Bloomberg_Surveillance_Radio_with_Tom_Keene_and_Paul_Sweeney.csv,Bloomberg_Surveillance_Radio_with_Tom_Keene_and_Paul_Sweeney,NA,2024-07-26T16:19:16Z,NA,2024-07-26T16:19:16Z,original_csv,0,NA,NA
wpLjyIh5Grg,Private video,This video is private.,2024-07-02T15:51:43Z,Bloomberg Television,PLGaYlBJIOoa9Fsy0K5FDud2HYze_CUzKk,Bloomberg Surveillance Radio with Tom Keene and Paul Sweeney,419,playlist,NA,NA,NA,NA,Bloomberg_Surveillance_Radio_with_Tom_Keene_and_Paul_Sweeney.csv,Bloomberg_Surveillance_Radio_with_Tom_Keene_and_Paul_Sweeney,NA,2024-07-02T15:51:43Z,NA,2024-07-02T15:51:43Z,original_csv,0,NA,NA
bRRJdUXz4WU,Private video,This video is private.,2024-06-10T15:12:38Z,Bloomberg Television,PLGaYlBJIOoa9Fsy0K5FDud2HYze_CUzKk,Bloomberg Surveillance Radio with Tom Keene and Paul Sweeney,420,playlist,NA,NA,NA,NA,Bloomberg_Surveillance_Radio_with_Tom_Keene_and_Paul_Sweeney.csv,Bloomberg_Surveillance_Radio_with_Tom_Keene_and_Paul_Sweeney,NA,2024-06-10T15:12:38Z,NA,2024-06-10T15:12:38Z,original_csv,0,NA,NA
ELMvzTjYvNM,Private video,This video is private.,2024-06-06T15:23:57Z,Bloomberg Television,PLGaYlBJIOoa9Fsy0K5FDud2HYze_CUzKk,Bloomberg Surveillance Radio with Tom Keene and Paul Sweeney,421,playlist,NA,NA,NA,NA,Bloomberg_Surveillance_Radio_with_Tom_Keene_and_Paul_Sweeney.csv,Bloomberg_Surveillance_Radio_with_Tom_Keene_and_Paul_Sweeney,NA,2024-06-06T15:23:57Z,NA,2024-06-06T15:23:57Z,original_csv,0,NA,NA
zKb1LZ9CzjY,Private video,This video is private.,2024-05-23T16:38:58Z,Bloomberg Television,PLGaYlBJIOoa9Fsy0K5FDud2HYze_CUzKk,Bloomberg Surveillance Radio with Tom Keene and Paul Sweeney,422,playlist,NA,NA,NA,NA,Bloomberg_Surveillance_Radio_with_Tom_Keene_and_Paul_Sweeney.csv,Bloomberg_Surveillance_Radio_with_Tom_Keene_and_Paul_Sweeney,NA,2024-05-23T16:38:58Z,NA,2024-05-23T16:38:58Z,original_csv,0,NA,NA
7aAbGRNAUk8,Private video,This video is private.,2024-05-03T16:57:13Z,Bloomberg Television,PLGaYlBJIOoa9Fsy0K5FDud2HYze_CUzKk,Bloomberg Surveillance Radio with Tom Keene and Paul Sweeney,423,playlist,NA,NA,NA,NA,Bloomberg_Surveillance_Radio_with_Tom_Keene_and_Paul_Sweeney.csv,Bloomberg_Surveillance_Radio_with_Tom_Keene_and_Paul_Sweeney,NA,2024-05-03T16:57:13Z,NA,2024-05-03T16:57:13Z,original_csv,0,NA,NA
0hrPVfJUjEY,Private video,This video is private.,2024-06-26T19:02:41Z,Bloomberg Television,PLGaYlBJIOoa9Fsy0K5FDud2HYze_CUzKk,Bloomberg Surveillance Radio with Tom Keene and Paul Sweeney,424,playlist,NA,NA,NA,NA,Bloomberg_Surveillance_Radio_with_Tom_Keene_and_Paul_Sweeney.csv,Bloomberg_Surveillance_Radio_with_Tom_Keene_and_Paul_Sweeney,NA,2024-06-26T19:02:41Z,NA,2024-06-26T19:02:41Z,original_csv,0,NA,NA
NNGye--YM2k,Private video,This video is private.,2024-07-23T15:30:57Z,Bloomberg Television,PLGaYlBJIOoa9Fsy0K5FDud2HYze_CUzKk,Bloomberg Surveillance Radio with Tom Keene and Paul Sweeney,425,playlist,NA,NA,NA,NA,Bloomberg_Surveillance_Radio_with_Tom_Keene_and_Paul_Sweeney.csv,Bloomberg_Surveillance_Radio_with_Tom_Keene_and_Paul_Sweeney,NA,2024-07-23T15:30:57Z,NA,2024-07-23T15:30:57Z,original_csv,0,NA,NA
8xCMn8_JS5Y,Private video,This video is private.,2024-11-13T18:03:08Z,Bloomberg Television,PLGaYlBJIOoa9Fsy0K5FDud2HYze_CUzKk,Bloomberg Surveillance Radio with Tom Keene and Paul Sweeney,426,playlist,NA,NA,NA,NA,Bloomberg_Surveillance_Radio_with_Tom_Keene_and_Paul_Sweeney.csv,Bloomberg_Surveillance_Radio_with_Tom_Keene_and_Paul_Sweeney,NA,2024-11-13T18:03:08Z,NA,2024-11-13T18:03:08Z,original_csv,0,NA,NA
Sjxap0S1pyA,Private video,This video is private.,2025-01-31T18:22:12Z,Bloomberg Television,PLGaYlBJIOoa9Fsy0K5FDud2HYze_CUzKk,Bloomberg Surveillance Radio with Tom Keene and Paul Sweeney,427,playlist,NA,NA,NA,NA,Bloomberg_Surveillance_Radio_with_Tom_Keene_and_Paul_Sweeney.csv,Bloomberg_Surveillance_Radio_with_Tom_Keene_and_Paul_Sweeney,NA,2025-01-31T18:22:12Z,NA,2025-01-31T18:22:12Z,original_csv,0,NA,NA
F-sHHeq2LwQ,Private video,This video is private.,2025-03-07T16:37:26Z,Bloomberg Television,PLGaYlBJIOoa9Fsy0K5FDud2HYze_CUzKk,Bloomberg Surveillance Radio with Tom Keene and Paul Sweeney,428,playlist,NA,NA,NA,NA,Bloomberg_Surveillance_Radio_with_Tom_Keene_and_Paul_Sweeney.csv,Bloomberg_Surveillance_Radio_with_Tom_Keene_and_Paul_Sweeney,NA,2025-03-07T16:37:26Z,NA,2025-03-07T16:37:26Z,original_csv,0,NA,NA
eUtBoEXBSmw,Private video,This video is private.,2024-09-19T15:31:40Z,Bloomberg Television,PLGaYlBJIOoa-qaI1saEniG3cR9V0Mu-PE,"Bloomberg Surveillance with Jon, Lisa and Annmarie (Full shows)",162,playlist,NA,NA,NA,NA,Bloomberg_Surveillance_with_Jon__Lisa_and_Annmarie__Full_shows_.csv,Bloomberg_Surveillance_with_Jon__Lisa_and_Annmarie__Full_shows_,NA,2024-09-19T15:31:40Z,NA,2024-09-19T15:31:40Z,original_csv,0,NA,NA
Hx9MucX2eo0,Private video,This video is private.,2024-05-29T16:19:21Z,Bloomberg Television,PLGaYlBJIOoa-qaI1saEniG3cR9V0Mu-PE,"Bloomberg Surveillance with Jon, Lisa and Annmarie (Full shows)",243,playlist,NA,NA,NA,NA,Bloomberg_Surveillance_with_Jon__Lisa_and_Annmarie__Full_shows_.csv,Bloomberg_Surveillance_with_Jon__Lisa_and_Annmarie__Full_shows_,NA,2024-05-29T16:19:21Z,NA,2024-05-29T16:19:21Z,original_csv,0,NA,NA
IEgxYtrsIAY,Private video,This video is private.,2024-02-07T16:40:50Z,Bloomberg Television,PLGaYlBJIOoa-qaI1saEniG3cR9V0Mu-PE,"Bloomberg Surveillance with Jon, Lisa and Annmarie (Full shows)",321,playlist,NA,NA,NA,NA,Bloomberg_Surveillance_with_Jon__Lisa_and_Annmarie__Full_shows_.csv,Bloomberg_Surveillance_with_Jon__Lisa_and_Annmarie__Full_shows_,NA,2024-02-07T16:40:50Z,NA,2024-02-07T16:40:50Z,original_csv,0,NA,NA
Q1ve6Gr3g7M,Private video,This video is private.,2023-04-05T15:51:20Z,Bloomberg Television,PLGaYlBJIOoa8tL_w1QSQVD41aMurPm6BE,"Bloomberg Surveillance with Tom, Jon and Lisa (Full Shows)",326,playlist,NA,NA,NA,NA,Bloomberg_Surveillance_with_Tom__Jon_and_Lisa__Full_Shows_.csv,Bloomberg_Surveillance_with_Tom__Jon_and_Lisa__Full_Shows_,NA,2023-04-05T15:51:20Z,NA,2023-04-05T15:51:20Z,original_csv,0,NA,NA
3BVbyDUQhCA,Private video,This video is private.,2023-03-22T20:39:01Z,Bloomberg Television,PLGaYlBJIOoa8tL_w1QSQVD41aMurPm6BE,"Bloomberg Surveillance with Tom, Jon and Lisa (Full Shows)",327,playlist,NA,NA,NA,NA,Bloomberg_Surveillance_with_Tom__Jon_and_Lisa__Full_Shows_.csv,Bloomberg_Surveillance_with_Tom__Jon_and_Lisa__Full_Shows_,NA,2023-03-22T20:39:01Z,NA,2023-03-22T20:39:01Z,original_csv,0,NA,NA
6ECNl68qOnA,Private video,This video is private.,2022-11-21T22:26:47Z,Bloomberg Television,PLGaYlBJIOoa8tL_w1QSQVD41aMurPm6BE,"Bloomberg Surveillance with Tom, Jon and Lisa (Full Shows)",328,playlist,NA,NA,NA,NA,Bloomberg_Surveillance_with_Tom__Jon_and_Lisa__Full_Shows_.csv,Bloomberg_Surveillance_with_Tom__Jon_and_Lisa__Full_Shows_,NA,2022-11-21T22:26:47Z,NA,2022-11-21T22:26:47Z,original_csv,0,NA,NA
OOcrB_fqKHs,Private video,This video is private.,2025-04-09T04:49:43Z,Bloomberg Television,PLGaYlBJIOoa94hnb-z2i64eVPcGZPUvo9,Bloomberg The China Show,35,playlist,NA,NA,NA,NA,Bloomberg_The_China_Show.csv,Bloomberg_The_China_Show,NA,2025-04-09T04:49:43Z,NA,2025-04-09T04:49:43Z,original_csv,0,NA,NA
oktHG1G-mK0,Private video,This video is private.,2025-03-31T04:01:50Z,Bloomberg Television,PLGaYlBJIOoa94hnb-z2i64eVPcGZPUvo9,Bloomberg The China Show,46,playlist,NA,NA,NA,NA,Bloomberg_The_China_Show.csv,Bloomberg_The_China_Show,NA,2025-03-31T04:01:50Z,NA,2025-03-31T04:01:50Z,original_csv,0,NA,NA
eKfNG2cvCkU,Private video,This video is private.,2025-03-17T04:52:29Z,Bloomberg Television,PLGaYlBJIOoa94hnb-z2i64eVPcGZPUvo9,Bloomberg The China Show,66,playlist,NA,NA,NA,NA,Bloomberg_The_China_Show.csv,Bloomberg_The_China_Show,NA,2025-03-17T04:52:29Z,NA,2025-03-17T04:52:29Z,original_csv,0,NA,NA
vzsPKiLLlg4,Private video,This video is private.,2025-03-12T04:40:34Z,Bloomberg Television,PLGaYlBJIOoa94hnb-z2i64eVPcGZPUvo9,Bloomberg The China Show,71,playlist,NA,NA,NA,NA,Bloomberg_The_China_Show.csv,Bloomberg_The_China_Show,NA,2025-03-12T04:40:34Z,NA,2025-03-12T04:40:34Z,original_csv,0,NA,NA
cTynCn8xjm0,Private video,This video is private.,2025-03-12T04:38:56Z,Bloomberg Television,PLGaYlBJIOoa94hnb-z2i64eVPcGZPUvo9,Bloomberg The China Show,72,playlist,NA,NA,NA,NA,Bloomberg_The_China_Show.csv,Bloomberg_The_China_Show,NA,2025-03-12T04:38:56Z,NA,2025-03-12T04:38:56Z,original_csv,0,NA,NA
XnqxoSeNAg4,Private video,This video is private.,2025-03-03T03:24:32Z,Bloomberg Television,PLGaYlBJIOoa94hnb-z2i64eVPcGZPUvo9,Bloomberg The China Show,84,playlist,NA,NA,NA,NA,Bloomberg_The_China_Show.csv,Bloomberg_The_China_Show,NA,2025-03-03T03:24:32Z,NA,2025-03-03T03:24:32Z,original_csv,0,NA,NA
9uvB9CEmYNM,Private video,This video is private.,2025-02-20T05:26:55Z,Bloomberg Television,PLGaYlBJIOoa94hnb-z2i64eVPcGZPUvo9,Bloomberg The China Show,97,playlist,NA,NA,NA,NA,Bloomberg_The_China_Show.csv,Bloomberg_The_China_Show,NA,2025-02-20T05:26:55Z,NA,2025-02-20T05:26:55Z,original_csv,0,NA,NA
GDKA9_6brf0,Private video,This video is private.,2025-01-09T04:35:43Z,Bloomberg Television,PLGaYlBJIOoa94hnb-z2i64eVPcGZPUvo9,Bloomberg The China Show,141,playlist,NA,NA,NA,NA,Bloomberg_The_China_Show.csv,Bloomberg_The_China_Show,NA,2025-01-09T04:35:43Z,NA,2025-01-09T04:35:43Z,original_csv,0,NA,NA
LZM4Rpg6kHA,Private video,This video is private.,2024-11-13T03:28:18Z,Bloomberg Television,PLGaYlBJIOoa94hnb-z2i64eVPcGZPUvo9,Bloomberg The China Show,196,playlist,NA,NA,NA,NA,Bloomberg_The_China_Show.csv,Bloomberg_The_China_Show,NA,2024-11-13T03:28:18Z,NA,2024-11-13T03:28:18Z,original_csv,0,NA,NA
mj-Emynqm_0,Private video,This video is private.,2024-09-02T04:37:52Z,Bloomberg Television,PLGaYlBJIOoa94hnb-z2i64eVPcGZPUvo9,Bloomberg The China Show,294,playlist,NA,NA,NA,NA,Bloomberg_The_China_Show.csv,Bloomberg_The_China_Show,NA,2024-09-02T04:37:52Z,NA,2024-09-02T04:37:52Z,original_csv,0,NA,NA
ybs1jl3M3fg,Private video,This video is private.,2024-08-22T04:49:26Z,Bloomberg Television,PLGaYlBJIOoa94hnb-z2i64eVPcGZPUvo9,Bloomberg The China Show,309,playlist,NA,NA,NA,NA,Bloomberg_The_China_Show.csv,Bloomberg_The_China_Show,NA,2024-08-22T04:49:26Z,NA,2024-08-22T04:49:26Z,original_csv,0,NA,NA
i24NsB5dQTM,Private video,This video is private.,2024-08-05T05:10:55Z,Bloomberg Television,PLGaYlBJIOoa94hnb-z2i64eVPcGZPUvo9,Bloomberg The China Show,338,playlist,NA,NA,NA,NA,Bloomberg_The_China_Show.csv,Bloomberg_The_China_Show,NA,2024-08-05T05:10:55Z,NA,2024-08-05T05:10:55Z,original_csv,0,NA,NA
zVzHdYAEcqM,Private video,This video is private.,2024-07-15T04:42:00Z,Bloomberg Television,PLGaYlBJIOoa94hnb-z2i64eVPcGZPUvo9,Bloomberg The China Show,373,playlist,NA,NA,NA,NA,Bloomberg_The_China_Show.csv,Bloomberg_The_China_Show,NA,2024-07-15T04:42:00Z,NA,2024-07-15T04:42:00Z,original_csv,0,NA,NA
UrjTaAWG6bY,Private video,This video is private.,2024-07-12T04:50:09Z,Bloomberg Television,PLGaYlBJIOoa94hnb-z2i64eVPcGZPUvo9,Bloomberg The China Show,375,playlist,NA,NA,NA,NA,Bloomberg_The_China_Show.csv,Bloomberg_The_China_Show,NA,2024-07-12T04:50:09Z,NA,2024-07-12T04:50:09Z,original_csv,0,NA,NA
4MluBmzP5aw,Private video,This video is private.,2024-07-05T05:21:16Z,Bloomberg Television,PLGaYlBJIOoa94hnb-z2i64eVPcGZPUvo9,Bloomberg The China Show,388,playlist,NA,NA,NA,NA,Bloomberg_The_China_Show.csv,Bloomberg_The_China_Show,NA,2024-07-05T05:21:16Z,NA,2024-07-05T05:21:16Z,original_csv,0,NA,NA
2G4CzbfQLbY,Private video,This video is private.,2024-06-26T04:32:03Z,Bloomberg Television,PLGaYlBJIOoa94hnb-z2i64eVPcGZPUvo9,Bloomberg The China Show,402,playlist,NA,NA,NA,NA,Bloomberg_The_China_Show.csv,Bloomberg_The_China_Show,NA,2024-06-26T04:32:03Z,NA,2024-06-26T04:32:03Z,original_csv,0,NA,NA
La7E8wUiA3w,Private video,This video is private.,2024-06-21T02:24:00Z,Bloomberg Television,PLGaYlBJIOoa94hnb-z2i64eVPcGZPUvo9,Bloomberg The China Show,411,playlist,NA,NA,NA,NA,Bloomberg_The_China_Show.csv,Bloomberg_The_China_Show,NA,2024-06-21T02:24:00Z,NA,2024-06-21T02:24:00Z,original_csv,0,NA,NA
ucmCISzss_k,Private video,This video is private.,2024-06-04T04:29:43Z,Bloomberg Television,PLGaYlBJIOoa94hnb-z2i64eVPcGZPUvo9,Bloomberg The China Show,443,playlist,NA,NA,NA,NA,Bloomberg_The_China_Show.csv,Bloomberg_The_China_Show,NA,2024-06-04T04:29:43Z,NA,2024-06-04T04:29:43Z,original_csv,0,NA,NA
K3G3pyCUyko,Private video,This video is private.,2024-05-22T04:19:34Z,Bloomberg Television,PLGaYlBJIOoa94hnb-z2i64eVPcGZPUvo9,Bloomberg The China Show,463,playlist,NA,NA,NA,NA,Bloomberg_The_China_Show.csv,Bloomberg_The_China_Show,NA,2024-05-22T04:19:34Z,NA,2024-05-22T04:19:34Z,original_csv,0,NA,NA
-MbyPoxl7nw,Private video,This video is private.,2024-05-03T02:49:13Z,Bloomberg Television,PLGaYlBJIOoa94hnb-z2i64eVPcGZPUvo9,Bloomberg The China Show,497,playlist,NA,NA,NA,NA,Bloomberg_The_China_Show.csv,Bloomberg_The_China_Show,NA,2024-05-03T02:49:13Z,NA,2024-05-03T02:49:13Z,original_csv,0,NA,NA
-SHBpjM-ifM,Private video,This video is private.,2024-07-30T23:34:23Z,Bloomberg Television,PLGaYlBJIOoa9ubOo6nAEyu4wmkc6nzIVi,Bloomberg The Close (Full Shows),326,playlist,NA,NA,NA,NA,Bloomberg_The_Close__Full_Shows_.csv,Bloomberg_The_Close__Full_Shows_,NA,2024-07-30T23:34:23Z,NA,2024-07-30T23:34:23Z,original_csv,0,NA,NA
yp5YCqW26NE,Private video,This video is private.,2024-07-30T23:18:13Z,Bloomberg Television,PLGaYlBJIOoa9ubOo6nAEyu4wmkc6nzIVi,Bloomberg The Close (Full Shows),327,playlist,NA,NA,NA,NA,Bloomberg_The_Close__Full_Shows_.csv,Bloomberg_The_Close__Full_Shows_,NA,2024-07-30T23:18:13Z,NA,2024-07-30T23:18:13Z,original_csv,0,NA,NA
V8gx42Wc4-E,Private video,This video is private.,2024-07-30T23:18:07Z,Bloomberg Television,PLGaYlBJIOoa9ubOo6nAEyu4wmkc6nzIVi,Bloomberg The Close (Full Shows),328,playlist,NA,NA,NA,NA,Bloomberg_The_Close__Full_Shows_.csv,Bloomberg_The_Close__Full_Shows_,NA,2024-07-30T23:18:07Z,NA,2024-07-30T23:18:07Z,original_csv,0,NA,NA
ow-mflWGhRY,Private video,This video is private.,2024-07-30T23:00:13Z,Bloomberg Television,PLGaYlBJIOoa9ubOo6nAEyu4wmkc6nzIVi,Bloomberg The Close (Full Shows),329,playlist,NA,NA,NA,NA,Bloomberg_The_Close__Full_Shows_.csv,Bloomberg_The_Close__Full_Shows_,NA,2024-07-30T23:00:13Z,NA,2024-07-30T23:00:13Z,original_csv,0,NA,NA
k1TjVYId8tE,Private video,This video is private.,2024-07-30T22:44:54Z,Bloomberg Television,PLGaYlBJIOoa9ubOo6nAEyu4wmkc6nzIVi,Bloomberg The Close (Full Shows),330,playlist,NA,NA,NA,NA,Bloomberg_The_Close__Full_Shows_.csv,Bloomberg_The_Close__Full_Shows_,NA,2024-07-30T22:44:54Z,NA,2024-07-30T22:44:54Z,original_csv,0,NA,NA
nuIBdpGKk0o,Private video,This video is private.,2024-12-30T05:16:39Z,Bloomberg Television,PLGaYlBJIOoa8Any8ACdGyS1VRHvHk_DHA,"Horizons Middle East, Africa",575,playlist,NA,NA,NA,12,Horizons_Middle_East__Africa.csv,Horizons_Middle_East__Africa,NA,2024-12-30T05:16:39Z,NA,2024-12-30T05:16:39Z,original_csv,0,NA,NA
RTQuJijuE60,Private video,This video is private.,2024-12-02T08:25:10Z,Bloomberg Television,PLGaYlBJIOoa8Any8ACdGyS1VRHvHk_DHA,"Horizons Middle East, Africa",563,playlist,NA,NA,NA,12,Horizons_Middle_East__Africa.csv,Horizons_Middle_East__Africa,NA,2024-12-02T08:25:10Z,NA,2024-12-02T08:25:10Z,original_csv,0,NA,NA
yDMXD8OiciE,Private video,This video is private.,2024-10-14T05:35:34Z,Bloomberg Television,PLGaYlBJIOoa8Any8ACdGyS1VRHvHk_DHA,"Horizons Middle East, Africa",564,playlist,NA,NA,NA,12,Horizons_Middle_East__Africa.csv,Horizons_Middle_East__Africa,NA,2024-10-14T05:35:34Z,NA,2024-10-14T05:35:34Z,original_csv,0,NA,NA
LmcmpKMVvMs,Private video,This video is private.,2024-10-10T06:43:17Z,Bloomberg Television,PLGaYlBJIOoa8Any8ACdGyS1VRHvHk_DHA,"Horizons Middle East, Africa",565,playlist,NA,NA,NA,12,Horizons_Middle_East__Africa.csv,Horizons_Middle_East__Africa,NA,2024-10-10T06:43:17Z,NA,2024-10-10T06:43:17Z,original_csv,0,NA,NA
t4tbJ1lxRD0,Private video,This video is private.,2024-09-02T05:07:33Z,Bloomberg Television,PLGaYlBJIOoa8Any8ACdGyS1VRHvHk_DHA,"Horizons Middle East, Africa",566,playlist,NA,NA,NA,12,Horizons_Middle_East__Africa.csv,Horizons_Middle_East__Africa,NA,2024-09-02T05:07:33Z,NA,2024-09-02T05:07:33Z,original_csv,0,NA,NA
y4qrxLdKcAo,Private video,This video is private.,2024-07-18T09:20:39Z,Bloomberg Television,PLGaYlBJIOoa8Any8ACdGyS1VRHvHk_DHA,"Horizons Middle East, Africa",567,playlist,NA,NA,NA,12,Horizons_Middle_East__Africa.csv,Horizons_Middle_East__Africa,NA,2024-07-18T09:20:39Z,NA,2024-07-18T09:20:39Z,original_csv,0,NA,NA
QyJ9AZceInk,Private video,This video is private.,2024-06-07T06:08:56Z,Bloomberg Television,PLGaYlBJIOoa8Any8ACdGyS1VRHvHk_DHA,"Horizons Middle East, Africa",568,playlist,NA,NA,NA,12,Horizons_Middle_East__Africa.csv,Horizons_Middle_East__Africa,NA,2024-06-07T06:08:56Z,NA,2024-06-07T06:08:56Z,original_csv,0,NA,NA
8ple4SErPiE,Private video,This video is private.,2024-06-06T05:50:05Z,Bloomberg Television,PLGaYlBJIOoa8Any8ACdGyS1VRHvHk_DHA,"Horizons Middle East, Africa",569,playlist,NA,NA,NA,12,Horizons_Middle_East__Africa.csv,Horizons_Middle_East__Africa,NA,2024-06-06T05:50:05Z,NA,2024-06-06T05:50:05Z,original_csv,0,NA,NA
RltmUMd-9Qc,Private video,This video is private.,2024-06-06T05:01:48Z,Bloomberg Television,PLGaYlBJIOoa8Any8ACdGyS1VRHvHk_DHA,"Horizons Middle East, Africa",570,playlist,NA,NA,NA,12,Horizons_Middle_East__Africa.csv,Horizons_Middle_East__Africa,NA,2024-06-06T05:01:48Z,NA,2024-06-06T05:01:48Z,original_csv,0,NA,NA
ic33BVxFjFM,Private video,This video is private.,2024-06-06T04:49:20Z,Bloomberg Television,PLGaYlBJIOoa8Any8ACdGyS1VRHvHk_DHA,"Horizons Middle East, Africa",571,playlist,NA,NA,NA,12,Horizons_Middle_East__Africa.csv,Horizons_Middle_East__Africa,NA,2024-06-06T04:49:20Z,NA,2024-06-06T04:49:20Z,original_csv,0,NA,NA
mGFkv4-_eHE,Private video,This video is private.,2024-05-30T10:32:23Z,Bloomberg Television,PLGaYlBJIOoa8Any8ACdGyS1VRHvHk_DHA,"Horizons Middle East, Africa",572,playlist,NA,NA,NA,12,Horizons_Middle_East__Africa.csv,Horizons_Middle_East__Africa,NA,2024-05-30T10:32:23Z,NA,2024-05-30T10:32:23Z,original_csv,0,NA,NA
prIh4DS2iMQ,Private video,This video is private.,2024-05-29T09:20:32Z,Bloomberg Television,PLGaYlBJIOoa8Any8ACdGyS1VRHvHk_DHA,"Horizons Middle East, Africa",573,playlist,NA,NA,NA,12,Horizons_Middle_East__Africa.csv,Horizons_Middle_East__Africa,NA,2024-05-29T09:20:32Z,NA,2024-05-29T09:20:32Z,original_csv,0,NA,NA
YBBUB8DhXS8,Private video,This video is private.,2024-05-22T08:15:01Z,Bloomberg Television,PLGaYlBJIOoa8Any8ACdGyS1VRHvHk_DHA,"Horizons Middle East, Africa",574,playlist,NA,NA,NA,12,Horizons_Middle_East__Africa.csv,Horizons_Middle_East__Africa,NA,2024-05-22T08:15:01Z,NA,2024-05-22T08:15:01Z,original_csv,0,NA,NA
9jXIq7zXKpg,Private video,This video is private.,2024-12-10T03:33:16Z,Bloomberg Television,PLGaYlBJIOoa8zJLXejV8ZIXJydxAMu-kW,The Asia Trade,370,playlist,NA,NA,NA,NA,The_Asia_Trade.csv,The_Asia_Trade,NA,2024-12-10T03:33:16Z,NA,2024-12-10T03:33:16Z,original_csv,0,NA,NA
m-yeuAAp66M,Private video,This video is private.,2024-09-26T00:07:08Z,Bloomberg Television,PLGaYlBJIOoa8zJLXejV8ZIXJydxAMu-kW,The Asia Trade,371,playlist,NA,NA,NA,NA,The_Asia_Trade.csv,The_Asia_Trade,NA,2024-09-26T00:07:08Z,NA,2024-09-26T00:07:08Z,original_csv,0,NA,NA
HqsVcIUJstg,Private video,This video is private.,2024-06-13T04:56:36Z,Bloomberg Television,PLGaYlBJIOoa8zJLXejV8ZIXJydxAMu-kW,The Asia Trade,372,playlist,NA,NA,NA,NA,The_Asia_Trade.csv,The_Asia_Trade,NA,2024-06-13T04:56:36Z,NA,2024-06-13T04:56:36Z,original_csv,0,NA,NA
yf3WIQKJeoo,Private video,This video is private.,2024-09-05T01:53:07Z,Bloomberg Television,PLGaYlBJIOoa8zJLXejV8ZIXJydxAMu-kW,The Asia Trade,373,playlist,NA,NA,NA,NA,The_Asia_Trade.csv,The_Asia_Trade,NA,2024-09-05T01:53:07Z,NA,2024-09-05T01:53:07Z,original_csv,0,NA,NA
sH78yC8DmG4,Private video,This video is private.,2024-09-05T01:54:26Z,Bloomberg Television,PLGaYlBJIOoa8zJLXejV8ZIXJydxAMu-kW,The Asia Trade,374,playlist,NA,NA,NA,NA,The_Asia_Trade.csv,The_Asia_Trade,NA,2024-09-05T01:54:26Z,NA,2024-09-05T01:54:26Z,original_csv,0,NA,NA
pl1pKlKJToM,Private video,This video is private.,2024-09-25T03:55:08Z,Bloomberg Television,PLGaYlBJIOoa8zJLXejV8ZIXJydxAMu-kW,The Asia Trade,375,playlist,NA,NA,NA,NA,The_Asia_Trade.csv,The_Asia_Trade,NA,2024-09-25T03:55:08Z,NA,2024-09-25T03:55:08Z,original_csv,0,NA,NA
w5CzxDuk2Io,Private video,This video is private.,2024-11-05T22:59:39Z,Bloomberg Television,PLGaYlBJIOoa8zJLXejV8ZIXJydxAMu-kW,The Asia Trade,376,playlist,NA,NA,NA,NA,The_Asia_Trade.csv,The_Asia_Trade,NA,2024-11-05T22:59:39Z,NA,2024-11-05T22:59:39Z,original_csv,0,NA,NA
TN4mXtx86VQ,Private video,This video is private.,2024-11-14T01:07:44Z,Bloomberg Television,PLGaYlBJIOoa8zJLXejV8ZIXJydxAMu-kW,The Asia Trade,377,playlist,NA,NA,NA,NA,The_Asia_Trade.csv,The_Asia_Trade,NA,2024-11-14T01:07:44Z,NA,2024-11-14T01:07:44Z,original_csv,0,NA,NA
bzhId7NXRDc,Private video,This video is private.,2024-11-14T01:13:18Z,Bloomberg Television,PLGaYlBJIOoa8zJLXejV8ZIXJydxAMu-kW,The Asia Trade,378,playlist,NA,NA,NA,NA,The_Asia_Trade.csv,The_Asia_Trade,NA,2024-11-14T01:13:18Z,NA,2024-11-14T01:13:18Z,original_csv,0,NA,NA
04TsraTDDTs,Private video,This video is private.,2024-11-14T03:31:36Z,Bloomberg Television,PLGaYlBJIOoa8zJLXejV8ZIXJydxAMu-kW,The Asia Trade,379,playlist,NA,NA,NA,NA,The_Asia_Trade.csv,The_Asia_Trade,NA,2024-11-14T03:31:36Z,NA,2024-11-14T03:31:36Z,original_csv,0,NA,NA
GxMgVQw7sI0,Private video,This video is private.,2024-11-18T01:44:09Z,Bloomberg Television,PLGaYlBJIOoa8zJLXejV8ZIXJydxAMu-kW,The Asia Trade,380,playlist,NA,NA,NA,NA,The_Asia_Trade.csv,The_Asia_Trade,NA,2024-11-18T01:44:09Z,NA,2024-11-18T01:44:09Z,original_csv,0,NA,NA
PNYD974kEhI,Private video,This video is private.,2024-11-22T01:11:17Z,Bloomberg Television,PLGaYlBJIOoa8zJLXejV8ZIXJydxAMu-kW,The Asia Trade,381,playlist,NA,NA,NA,NA,The_Asia_Trade.csv,The_Asia_Trade,NA,2024-11-22T01:11:17Z,NA,2024-11-22T01:11:17Z,original_csv,0,NA,NA
0iqiMwys3ZY,Private video,This video is private.,2024-11-27T01:47:37Z,Bloomberg Television,PLGaYlBJIOoa8zJLXejV8ZIXJydxAMu-kW,The Asia Trade,382,playlist,NA,NA,NA,NA,The_Asia_Trade.csv,The_Asia_Trade,NA,2024-11-27T01:47:37Z,NA,2024-11-27T01:47:37Z,original_csv,0,NA,NA
2sCmqSZ_mZM,Private video,This video is private.,2024-12-11T02:09:27Z,Bloomberg Television,PLGaYlBJIOoa8zJLXejV8ZIXJydxAMu-kW,The Asia Trade,383,playlist,NA,NA,NA,NA,The_Asia_Trade.csv,The_Asia_Trade,NA,2024-12-11T02:09:27Z,NA,2024-12-11T02:09:27Z,original_csv,0,NA,NA
b2V3XK1Kx4k,Private video,This video is private.,2024-12-30T03:12:55Z,Bloomberg Television,PLGaYlBJIOoa8zJLXejV8ZIXJydxAMu-kW,The Asia Trade,384,playlist,NA,NA,NA,NA,The_Asia_Trade.csv,The_Asia_Trade,NA,2024-12-30T03:12:55Z,NA,2024-12-30T03:12:55Z,original_csv,0,NA,NA
xqCuPv7kmS4,Private video,This video is private.,2025-02-13T01:47:50Z,Bloomberg Television,PLGaYlBJIOoa8zJLXejV8ZIXJydxAMu-kW,The Asia Trade,385,playlist,NA,NA,NA,NA,The_Asia_Trade.csv,The_Asia_Trade,NA,2025-02-13T01:47:50Z,NA,2025-02-13T01:47:50Z,original_csv,0,NA,NA
bTGfpOOsng4,Private video,This video is private.,2025-02-26T04:26:47Z,Bloomberg Television,PLGaYlBJIOoa8zJLXejV8ZIXJydxAMu-kW,The Asia Trade,386,playlist,NA,NA,NA,NA,The_Asia_Trade.csv,The_Asia_Trade,NA,2025-02-26T04:26:47Z,NA,2025-02-26T04:26:47Z,original_csv,0,NA,NA
75Z9adv2Ofc,Private video,This video is private.,2025-03-21T08:21:45Z,Bloomberg Television,PLGaYlBJIOoa-i5qOieIb8AlAQPqGJ4z1c,The Opening Trade,621,playlist,NA,NA,NA,13,The_Opening_Trade.csv,The_Opening_Trade,NA,2025-03-21T08:21:45Z,NA,2025-03-21T08:21:45Z,original_csv,0,NA,NA
LNnXfZKTako,Private video,This video is private.,2024-10-30T14:41:33Z,Bloomberg Television,PLGaYlBJIOoa-i5qOieIb8AlAQPqGJ4z1c,The Opening Trade,622,playlist,NA,NA,NA,13,The_Opening_Trade.csv,The_Opening_Trade,NA,2024-10-30T14:41:33Z,NA,2024-10-30T14:41:33Z,original_csv,0,NA,NA
f5g3MTxLlQI,Private video,This video is private.,2024-08-02T12:28:29Z,Bloomberg Television,PLGaYlBJIOoa-i5qOieIb8AlAQPqGJ4z1c,The Opening Trade,623,playlist,NA,NA,NA,13,The_Opening_Trade.csv,The_Opening_Trade,NA,2024-08-02T12:28:29Z,NA,2024-08-02T12:28:29Z,original_csv,0,NA,NA
AEM4qcYVTCQ,Private video,This video is private.,2024-07-17T07:10:56Z,Bloomberg Television,PLGaYlBJIOoa-i5qOieIb8AlAQPqGJ4z1c,The Opening Trade,624,playlist,NA,NA,NA,13,The_Opening_Trade.csv,The_Opening_Trade,NA,2024-07-17T07:10:56Z,NA,2024-07-17T07:10:56Z,original_csv,0,NA,NA
gqeXYmygGQM,Private video,This video is private.,2024-06-19T08:00:22Z,Bloomberg Television,PLGaYlBJIOoa-i5qOieIb8AlAQPqGJ4z1c,The Opening Trade,635,playlist,NA,NA,NA,13,The_Opening_Trade.csv,The_Opening_Trade,NA,2024-06-19T08:00:22Z,NA,2024-06-19T08:00:22Z,original_csv,0,NA,NA
PP7d4h-wwZg,Private video,This video is private.,2024-06-19T07:42:22Z,Bloomberg Television,PLGaYlBJIOoa-i5qOieIb8AlAQPqGJ4z1c,The Opening Trade,634,playlist,NA,NA,NA,13,The_Opening_Trade.csv,The_Opening_Trade,NA,2024-06-19T07:42:22Z,NA,2024-06-19T07:42:22Z,original_csv,0,NA,NA
K-eVI_a7zf0,Private video,This video is private.,2024-06-13T08:40:38Z,Bloomberg Television,PLGaYlBJIOoa-i5qOieIb8AlAQPqGJ4z1c,The Opening Trade,633,playlist,NA,NA,NA,13,The_Opening_Trade.csv,The_Opening_Trade,NA,2024-06-13T08:40:38Z,NA,2024-06-13T08:40:38Z,original_csv,0,NA,NA
761Xw8xUznU,Private video,This video is private.,2024-05-24T08:10:45Z,Bloomberg Television,PLGaYlBJIOoa-i5qOieIb8AlAQPqGJ4z1c,The Opening Trade,632,playlist,NA,NA,NA,13,The_Opening_Trade.csv,The_Opening_Trade,NA,2024-05-24T08:10:45Z,NA,2024-05-24T08:10:45Z,original_csv,0,NA,NA
BDKx6CM3exw,Private video,This video is private.,2024-05-17T09:26:23Z,Bloomberg Television,PLGaYlBJIOoa-i5qOieIb8AlAQPqGJ4z1c,The Opening Trade,631,playlist,NA,NA,NA,13,The_Opening_Trade.csv,The_Opening_Trade,NA,2024-05-17T09:26:23Z,NA,2024-05-17T09:26:23Z,original_csv,0,NA,NA
fMW3KjH1PTY,Private video,This video is private.,2024-05-13T07:13:05Z,Bloomberg Television,PLGaYlBJIOoa-i5qOieIb8AlAQPqGJ4z1c,The Opening Trade,630,playlist,NA,NA,NA,13,The_Opening_Trade.csv,The_Opening_Trade,NA,2024-05-13T07:13:05Z,NA,2024-05-13T07:13:05Z,original_csv,0,NA,NA
wC6yTfQ2P3E,Private video,This video is private.,2024-05-07T11:57:48Z,Bloomberg Television,PLGaYlBJIOoa-i5qOieIb8AlAQPqGJ4z1c,The Opening Trade,629,playlist,NA,NA,NA,13,The_Opening_Trade.csv,The_Opening_Trade,NA,2024-05-07T11:57:48Z,NA,2024-05-07T11:57:48Z,original_csv,0,NA,NA
azglqkRLMXI,Private video,This video is private.,2024-05-03T08:56:49Z,Bloomberg Television,PLGaYlBJIOoa-i5qOieIb8AlAQPqGJ4z1c,The Opening Trade,628,playlist,NA,NA,NA,13,The_Opening_Trade.csv,The_Opening_Trade,NA,2024-05-03T08:56:49Z,NA,2024-05-03T08:56:49Z,original_csv,0,NA,NA
dRfGStVT1sw,Private video,This video is private.,2024-05-01T09:34:52Z,Bloomberg Television,PLGaYlBJIOoa-i5qOieIb8AlAQPqGJ4z1c,The Opening Trade,625,playlist,NA,NA,NA,13,The_Opening_Trade.csv,The_Opening_Trade,NA,2024-05-01T09:34:52Z,NA,2024-05-01T09:34:52Z,original_csv,0,NA,NA
KS73hR8-Lu4,Private video,This video is private.,2024-05-01T09:34:52Z,Bloomberg Television,PLGaYlBJIOoa-i5qOieIb8AlAQPqGJ4z1c,The Opening Trade,626,playlist,NA,NA,NA,13,The_Opening_Trade.csv,The_Opening_Trade,NA,2024-05-01T09:34:52Z,NA,2024-05-01T09:34:52Z,original_csv,0,NA,NA
poUZ6n3Fqg0,Private video,This video is private.,2024-05-01T09:34:52Z,Bloomberg Television,PLGaYlBJIOoa-i5qOieIb8AlAQPqGJ4z1c,The Opening Trade,627,playlist,NA,NA,NA,13,The_Opening_Trade.csv,The_Opening_Trade,NA,2024-05-01T09:34:52Z,NA,2024-05-01T09:34:52Z,original_csv,0,NA,NA
